problem_no,sub_id,stem,correct,explanation
101-25-1,1,企業の資金調達には、企業が金融資産を売り出す、という見方もできる。,TRUE,解説の要点：資金調達とは企業がその金融資産を売り出すことであり、その後の財務的な活動も含まれる
101-25-1,2,企業の価値向上のための原則では、株主が企業の外に持っている投資機会が企業の内部で実施する投資の基準になる。,TRUE,この理解で合っています。企業の価値向上のための原則では、株主が企業の外に持っている投資機会が企業の内部で実施する投資の基準になる。
101-25-1,3,要点確認：他の資産に比べて、オンバランス不動産の資産の効率性 （回転率）は高いが、そのマージン（税引き後営業利益率）は非常に低い、という傾向がある。,FALSE,解説の要点：オンバランス不動産の資産の効率性（回転率）は非常に低く、そのマージン（税引き後営業利益率）は非常に高い
101-25-1,4,現在日本では、不動産証券化は企業の資金調達のためだけを目的として実施される。,FALSE,解説の要点：企業価値を向上するための戦略的な経営の重要な手法として、 少なからぬ日本企業に採用されている
101-25-1,5,ダイベストメント （divestment）は、投資（investment）と同じく拡大型企業戦略といえる。,FALSE,解説の要点：ダイベストメント（divestment)は投資（investment)とは逆の縮小型企業戦略である
101-25-2,1,要点確認：不動産証券化商品の中には金融商品取引法で定める有価証券ではないものが存在する。,FALSE,投資証券、受益証券、ここでの優先出資証券はすべて有価証券である証券化商品に含まれる「信託の受益権」および「集団投資スキーム持分」なども、金融商品取引法上では有価証券として扱われる
101-25-2,2,有価証券に化体された不動産とオンバランス不動産は同義といえる。,FALSE,解説の要点：有価証券に化体された不動産は、不動産の価値やキャッシュフローを有価証券の形に変えたものです。企業が貸借対照表上で保有するオンバランス不動産とは異なります。
101-25-2,3,要点確認：不動産ファンドと不動産証券化のためのvehicleは同じものではない。,FALSE,不動産証券化のための特別法人（vehicle）は「不動産ファンド」という名称で知られる
101-25-2,4,単一の資産も証券化の対象になる、と説明されている。,FALSE,解説の要点：101科目では、不動産証券化の対象を複数資産のプールとして説明しており、単一資産も対象になるという記述は誤りです。
101-25-2,5,要点確認：証券化ではオリジネータ自身が原資産を裏付けとする有価証券を発行することもある。,FALSE,解説の要点：証券化では、原資産をオリジネーターから切り離し、特別法人（ヴィークル）が証券を発行するのが基本です。
101-25-3,1,"半期の営業利益50億円、総資産2,000億円、年間の経済的利益40億円であるモデル不動産ファンドの資本コスト（WACC）は3%といえる。",TRUE,"年間営業利益は100億円です。経済的利益40億円＝年間営業利益100億円－資本コスト×総資産2,000億円なので、WACCは3%です。"
103-25-4,1,不動産投資とは、投資対象になる不動産を購入し、それを賃貸したり、売却することによって利益を得る方法といえる。,TRUE,この理解で合っています。不動産投資とは、投資対象になる不動産を購入し、それを賃貸したり、売却することによって利益を得る方法です。
103-25-4,2,要点確認：リーマンショック後はインカムゲインよりキャピタルゲインを狙うオポチュニスティックな投資が選好されてきている。,FALSE,解説の要点：リーマンショック後はインカムゲインがより重視されてきている
103-25-4,3,投資による儲けの度合いは一般にリターンという名称が使われている。そのリターンはもっぱら投資対象になる不動産の規模や金額の大きさにより決まってくる。,FALSE,不動産投資のリターンはその資産に対する投資リスクの高低により概ね決まってくる
103-25-4,4,不動産投資におけるオポチュニティの1つとして、出口価格の上昇、つまり将来の物件売却時の価格が上昇する可能性を挙げることができる。,TRUE,この理解で合っています。不動産投資におけるオポチュニティの1つとして、出口価格の上昇、つまり将来の物件売却時の価格が上昇する可能性を挙げることができる。
103-25-5,1,不動産のタイプによって必要とされる専門性やリスク特性が同一ではないため、 投資する不動産のタイプを限定することはリスクマネジメントの1つの方策といえる。,TRUE,この理解で合っています。不動産のタイプによって必要とされる専門性やリスク特性が同一ではないため、 投資する不動産のタイプを限定することはリスクマネジメントの1つの方策です。
103-25-5,2,商業施設の場合、100%歩合賃料で契約するよりも固定賃料または固定＋歩合賃料形式の方がリスク軽減策となりうる。,TRUE,この理解で合っています。商業施設の場合、100%歩合賃料で契約するよりも固定賃料または固定＋歩合賃料形式の方がリスク軽減策となりうる。
103-25-5,3,適正な管理仕様を維持することは、テナント満足度を高めるだけでなく、事故の発生軽減などの効果があり、リスク軽減策の1つといえる。,TRUE,この理解で合っています。適正な管理仕様を維持することは、テナント満足度を高めるだけでなく、事故の発生軽減などの効果があり、リスク軽減策の1つです。
103-25-5,4,建物設備・什器備品などに関わる法改正やリコール情報を定期的に収集することは、リスク軽減策の1つといえる。,TRUE,この理解で合っています。建物設備・什器備品などに関わる法改正やリコール情報を定期的に収集することは、リスク軽減策の1つです。
103-25-6,1,アセットマネジャーの使命は投資家の利益を最大化することであり、投資家が出資する資金を原資として不動産投資事業を行い、不動産を所有するヴィークルを経営する役割を担うものといえる。,TRUE,この理解で合っています。アセットマネジャーの使命は投資家の利益を最大化することであり、投資家が出資する資金を原資として不動産投資事業を行い、不動産を所有するヴィークルを経営する役割を担うものです。
103-25-6,2,アセットマネジメント業務の遂行に際しては様々な法令を順守する必要があり、一般にアセットマネジメント会社は金融商品取引法上の金融商品取引業者としての登録が必要とされる。,TRUE,この理解で合っています。アセットマネジメント業務の遂行に際しては様々な法令を順守する必要があり、一般にアセットマネジメント会社は金融商品取引法上の金融商品取引業者としての登録が必要です。
103-25-6,3,ファンドを組成しようとする場合、投資家の趣向や投資資金の性格にあったファンドを組成すべきであり、コアファンドとは、安定的な利益配当を趣向する投資家に適合するファンドといえる。,TRUE,この理解で合っています。ファンドを組成しようとする場合、投資家の趣向や投資資金の性格にあったファンドを組成すべきであり、コアファンドとは、安定的な利益配当を趣向する投資家に適合するファンドです。
103-25-6,4,アセットマネジャーが立案した投資戦略を根拠に、具体的に遂行するのがプロパティマネジャーの役割であり、テナント管理はプロパティマネジャーの業務領域であるが、キャッシュフローに影響を及ぼす重要な場合では、アセットマネジャーも関与するケースもある。,TRUE,この理解で合っています。アセットマネジャーが立案した投資戦略を根拠に、具体的に遂行するのがプロパティマネジャーの役割であり、テナント管理はプロパティマネジャーの業務領域であるが、キャッシュフローに影響を及ぼす重要な場合では、アセットマネジャーも関与するケースもある。
103-25-7,1,GK-TKスキームで口座の階層は信託口座・メイン口座・リリース口座の3階層に分けられており、固定資産税・法人税・消費税などSPCのすべての公租公課の支払いは信託口座レベルで実施する。,FALSE,口座の階層は記載の通りだが、公租公課はすべて信託口座から支払われるのではなく、法人税・消費税の納付はメイン口座から支払われる
103-25-7,2,メイン口座では、 レンダーへの元利金の支払いや会計事務委託報酬、鑑定評価書取得費用などのストラクチャー維持に必要な支払いを実施するほか、それらの費用のリザーブを実施する。,TRUE,この理解で合っています。メイン口座では、 レンダーへの元利金の支払いや会計事務委託報酬、鑑定評価書取得費用などのストラクチャー維持に必要な支払いを実施するほか、それらの費用のリザーブを実施する。
103-25-7,3,年度資金計画で計画していた工事が予算を超過する場合、レンダーの承諾が必要になる場合もあるので、工事の発注前にローン契約を確認するなどして必要な手続きを確認する必要になる。,TRUE,この理解で合っています。年度資金計画で計画していた工事が予算を超過する場合、レンダーの承諾が必要になる場合もあるので、工事の発注前にローン契約を確認するなどして必要な手続きを確認する必要になる。
103-25-7,4,一定の期間に高額の工事を多数実施すると、 DSCRテストに抵触したり未払い配当が生じる場合もあるため、予め修繕積立金を増額したり、工事の実施時期を分散するなどの手当てが必要とされる。,TRUE,この理解で合っています。一定の期間に高額の工事を多数実施すると、 DSCRテストに抵触したり未払い配当が生じる場合もあるため、予め修繕積立金を増額したり、工事の実施時期を分散するなどの手当てが必要です。
103-25-8,1,売却方針に関して、ビジネスプランの達成状況を確認するとともに、今後の金融情勢や不動産マーケットの状況などを考慮し策定した。,TRUE,この理解で合っています。売却方針に関して、ビジネスプランの達成状況を確認するとともに、今後の金融情勢や不動産マーケットの状況などを考慮し策定した。
103-25-8,2,売却に向けた準備で、取得候補者から受けた質問をその当事者に回答し、他の取得候補者にその質疑内容を共有しなかった。,FALSE,解説の要点：公平性を確保するために質問者以外にも質疑内容を開示すべきである
103-25-8,3,入札の結果、 提示価格が最も高い取得候補者で取引成立の確実性に疑義があったため、確実性の高い次点の候補者に優先交渉権を付与した。,TRUE,この理解で合っています。入札の結果、 提示価格が最も高い取得候補者で取引成立の確実性に疑義があったため、確実性の高い次点の候補者に優先交渉権を付与した。
103-25-8,4,要点確認：信託受益権の売却先を決定する際、レンダーには事前に譲渡先を告知し承諾を取得したが、信託受託者には告知しなかった。,FALSE,前段のレンダー承諾の必要性は正しいが、後段の信託受託者への告知をしなかった点が不正確。信託受託者へも同様に必要になる
103-25-9,1,要点確認：平均募集賃料は、実際の成約金額とは乖離がなく、市場の動向を常に正確に反映している。,FALSE,解説の要点：平均募集賃料は、成約賃料との価格差やサンプリングバイアスなどの問題がある
103-25-9,2,成約賃料の情報を入手できれば、これにより常にマーケットプライスを正確に把握できる。,FALSE,成約賃料は、関連会社との取引やフリーレントが長く付いていたなどの個別事情が絡んでいる場合があり、このときはマーケットプライス（市場賃料/市場価格）とは同一ではない価格形成が行われた可能性があるので注意が必要とされる
103-25-9,3,鑑定価格は、市場の大きな変化に対しても遅れることなく迅速に価格変動を捉えることのできる指標といえる。,FALSE,解説の要点：鑑定価格は、市場の大きな変化への遅れが指摘されている
103-25-9,4,成約売買事例には、関連会社間の取引であったなどの事情が絡んでいる場合もあり、参考にする場合には注意が必要とされる。,TRUE,この理解で合っています。成約売買事例には、関連会社間の取引であったなどの事情が絡んでいる場合もあり、参考にする場合には注意が必要です。
103-25-10,1,空室率の算出基準は公表機関によって異なり、比較する際はその特性を理解することが重要になる。,TRUE,この理解で合っています。空室率の算出基準は公表機関によって異なり、比較する際はその特性を理解することが重要です。
103-25-10,2,要点確認：オフィスストックが拡大している場合、空室率が同じ水準であっても、市場全体の空室面積は減少する傾向にある。,FALSE,解説の要点：空室率が一定でも、ストックの増減によって市場の空室面積の総量は変わる可能性がある。オフィスストックが拡大している場合は、同じ空室率の時には空室面積は増える
103-25-10,3,要点確認：空室率は稼働面積をオフィス貸室総面積で除した（割った）もので、オフィスの需要と供給の影響を受ける。,FALSE,解説の要点：空室率は、空室面積を貸室総面積で除した（割った）ものである
103-25-10,4,要点確認：新築ビルの空室率は、 算出の際に竣工後12ヶ月間は算出対象外とされるため、市場動向の指標としては用いられない。,FALSE,解説の要点：テキストで用いた新築ビルの空室率は、 「12ヶ月を超えると算出対象から外れる」ものであるが、 「市場動向の指標としては用いられない」訳ではなく、指標の特徴を理解した上での活用は有用である
103-25-11,1,地価公示は、国土交通省土地鑑定委員会が毎年 1月1日時点の標準的な土地の価格を判定して公示するものといえる。,TRUE,この理解で合っています。地価公示は、国土交通省土地鑑定委員会が毎年 1月1日時点の標準的な土地の価格を判定して公示するものです。
103-25-11,2,要点確認：都道府県地価調査は、都道府県知事が標準的な土地の価格を判定して公表するもので、 林地・リゾート地なども対象としている。,TRUE,この理解で合っています。都道府県地価調査は、都道府県知事が標準的な土地の価格を判定して公表するもので、 林地・リゾート地なども対象としている。
103-25-11,3,要点確認：相続税路線価は国税庁が算定し、公示地価の8割程度が目安とされる。,TRUE,この理解で合っています。相続税路線価は国税庁が算定し、公示地価の8割程度が目安とされる。
103-25-11,4,要点確認：固定資産税評価は毎年見直しが行われ、評価水準の目安は公示地価の7割程度とされる。,FALSE,解説の要点：固定資産税評価は、3 年ごとに見直され、公示地価の7 割程度とされる
103-25-12,1,要点確認：商業施設は、入居テナントである小売業者等の支払う賃料は固定賃料であるため、施設運営の巧拙に関わらず賃料収入が安定している。,FALSE,商業施設では、固定賃料だけでなく、入居店舗の売上に応じた売上歩合賃料が導入される場合もある。そのため、商業施設の賃料収入は施設の管理運営（オペレーション）の巧拙に大きく左右される
103-25-12,2,商業施設の需給バランスは、空室部分を特定しやすいことからオフィスと同様に全国的な空室率データが整備されており、これを基に把握できる。,FALSE,解説の要点：商業施設では、マスターリースや一時的な催事が行われている場合などには空室部分を特定しづらいことなどから空室面積を集計するのが難しい。なお、オフィス市場ほど全国的・体系的な空室率データはない
103-25-12,3,売上歩合賃料は、 入居テナントの売上が落ちると賃料収入が減少するため、賃貸側の所有者にとっては不安定な要素になる。,TRUE,解説の要点：賃貸側の所有者にとっては、売上歩合賃料の場合は店舗テナントの売上が増加すれば賃料も増加するが、売上が下落すると賃料が減少するため、賃貸収入の変動が大きく不安定になってしまう
103-25-12,4,要点確認：近年の小売事業者は大型店舗の新規出店によるマーケットシェア拡大を最優先戦略としている。,FALSE,小売事業者の戦略で新規出店による売上高・マーケットシェアアップという企業規模の拡大が主流であったのは、2000 年代初頭までである
103-25-13,1,不動産のデューデリジェンスにおける法的調査は、私法関係調査と公法関係調査に大別されるが、投資リターンに直接影響を及ぼす可能性があるのは後者といえる。,FALSE,解説の要点：法的調査は私法・公法関係の両面から行われ、双方ともに投資リターンに影響を及ぼす可能性がある
103-25-13,2,要点確認：建物の敷地利用権が借地権の場合、物権である地上権であっても、債権である賃借権であっても、売買時の手続きやコストに差異はないため、投資価値への影響も同等であると判断される。,FALSE,権利の安定性、売買時の手続きやコストが同一ではない等、価格に影響があることに注意を要する
103-25-13,3,要点確認：不動産登記簿謄本の乙区に根抵当権が設定されている場合、その極度額は債務者が実際に借り入れている残債務額を厳密に反映しているため、別途残債務額を確認する必要はない。,FALSE,根抵当権が設定されている場合は、極度額と実際の借り入れ残額と同一ではない場合が多いので、注意を要する
103-25-13,4,賃貸借契約の更新を行い長期間入居しているテナントの場合、契約始期の契約書に加え、変更契約書や覚書等も徴求し、過去の条件変更の経緯を詳細に確認することが必要とされる。,TRUE,この理解で合っています。賃貸借契約の更新を行い長期間入居しているテナントの場合、契約始期の契約書に加え、変更契約書や覚書等も徴求し、過去の条件変更の経緯を詳細に確認することが必要です。
103-25-14,1,一般的要因の分析は、抽象的、形式的になり、地域分析や個別分析に比べて軽視されがちであるが、不動産全般の価格形成に影響を与えるマクロ的要因であるため、投資価値判断の基礎として十分な調査が不可欠といえる。,TRUE,この理解で合っています。一般的要因の分析は、抽象的、形式的になり、地域分析や個別分析に比べて軽視されがちであるが、不動産全般の価格形成に影響を与えるマクロ的要因であるため、投資価値判断の基礎として十分な調査が不可欠です。
103-25-14,2,感度分析は、予想を立てる際、ある要素が変化した時に、最終的なキャッシュフローにどの程度の影響を与えるかをみる分析手法といえる。また、シナリオ分析とは、戦略立案する上で、リスク要因に対処するため、複数の同一ではない条件で戦略を分析する手法といえる。,TRUE,この理解で合っています。感度分析は、予想を立てる際、ある要素が変化した時に、最終的なキャッシュフローにどの程度の影響を与えるかをみる分析手法といえる。また、シナリオ分析とは、戦略立案する上で、リスク要因に対処するため、複数の同一ではない条件で戦略を分析する手法です。
103-25-14,3,多数の不動産を所有するファンドの場合、プロパティマネジメントや建物維持管理、火災保険等に関わる契約を一括して締結することで経費削減を図るケースがあるため、対象不動産単独の管理に要する費用を把握することが必要とされる。,TRUE,この理解で合っています。多数の不動産を所有するファンドの場合、プロパティマネジメントや建物維持管理、火災保険等に関わる契約を一括して締結することで経費削減を図るケースがあるため、対象不動産単独の管理に要する費用を把握することが必要です。
103-25-14,4,賃貸用不動産の市場動向調査では、対象不動産と同種・同等の不動産の市場賃料や稼働率、新規供給量を確認することは重要になるが、テナントの平均的な入居期間や退去時の平均的な空室期間は、個別の賃貸借契約の条件に強く依存するため、市場全体の動向としては調査の対象外といえる。,FALSE,「市場全体の動向としては調査の対象外である」が不正確。テナントの平均入居期間や空室期間は、市場全体の安定性や収益性に影響を与える重要な市場動向の指標である
103-25-15,1,オペレーショナルアセットとは、賃貸用不動産に限定されず、その収益性がその不動産が供される事業の経営動向に強く影響を受けるものを指し、ホテルやゴルフ場、医療施設などがその典型例といえる。,TRUE,この理解で合っています。オペレーショナルアセットとは、賃貸用不動産に限定されず、その収益性がその不動産が供される事業の経営動向に強く影響を受けるものを指し、ホテルやゴルフ場、医療施設などがその典型例です。
103-25-15,2,ホテルの事業形態で、 「所有直営方式」はオーナーがすべてのリスクを負うため、ハイリスク・ハイリターンであると同時に、経営の自由度が最も高い方式といえる。,TRUE,この理解で合っています。ホテルの事業形態で、 「所有直営方式」はオーナーがすべてのリスクを負うため、ハイリスク・ハイリターンであると同時に、経営の自由度が最も高い方式です。
103-25-15,3,要点確認：ホテルの個別的要因分析では、賃借人やホテルマネジメント会社のブランド、ホスピタリティ、有名度、固定客の有無といった要素を重要視することは少ない。,FALSE,賃借人、ホテルマネジメント会社のブランド、実力（ホスピタリティ、有名度、固定客の有無）はホテルの個別的要因として挙げられており、これらは収益性に大きく影響するため、 「重要視することは少ない」は誤りになる
103-25-15,4,オペレーショナルアセットにおける総収益把握の留意点として、現に賃貸借に供されている場合でも、現行賃料と事業採算性の観点から把握した適正賃料水準との乖離に関して分析を実施することは、現行賃料が負担能力を超過しているか否かの検証に有用といえる。,TRUE,テキストでも「現に賃貸借に供されている場合でも、現行の賃貸借契約における賃料と、事業採算性の観点から把握した適正な賃料水準との関係に関して分析を実施することが有用といえる。」と述べている通り、ここでのポイントは賃料改定やテナント管理戦略に繋がる有用な分析になる
103-25-16,1,"設問の前提条件で直接還元法を適用した収益価格は9,810,000,000円といえる。",TRUE,"解説の要点：純収益392,280,000円を還元利回り4.0%で割ると、収益価格は9,807,000,000円となり、指定どおり上3桁未満を四捨五入すると9,810,000,000円です。"
103-25-17,1,"設問の前提条件で保有期間5年のDCF法を適用した収益価格は911,000,000円といえる。",TRUE,"純収益の現在価値合計216,000,000円と復帰価格の現在価値694,839,600円の合計は910,839,600円です。上3桁未満を四捨五入すると911,000,000円です。"
103-25-18,1,アスベスト（レベル1）に関して過去の分析調査報告書により3 種類のアスベストの含有が無い結果が出ているため、アスベストの問題は無いものと判断した。,FALSE,"解説の要点：現時点ではアスベストは6 種類とされており、法改正前の3 種類のみではアスベスト含有が無いとは言い切れない各項目数値計算方法貸室賃料収入 504,000,000 円賃貸可能面積 × 月額貸室賃料単価 × 12ヶ月共益費収入 63,000,000 円賃貸可能面積 × 月額共益費単価 × 12ヶ月共益費込み貸室賃料収入 567,000,000 円貸室賃料収入 ＋ 共益費収入空室等損失 22,680,000 円共益費込み貸室賃料収入 × 4.0%運営収益 544,320,000 円共益費込み貸室賃料収入 - 空室等損失運。"
103-25-18,2,低濃度PCB廃棄物の処理期限は2027年3月31日までといえる。,TRUE,この理解で合っています。低濃度PCB廃棄物の処理期限は2027年3月31日までです。
103-25-18,3,主な調査項目・対象はアスベスト含有建材およびPCBであるが、委託者の要請により「鉛含有塗料」や「ラドンガス」などの「留意項目」もある。,TRUE,この理解で合っています。主な調査項目・対象はアスベスト含有建材およびPCBであるが、委託者の要請により「鉛含有塗料」や「ラドンガス」などの「留意項目」もある。
103-25-18,4,アスベストやPCBのスコープで問題点が指摘された場合、サンプリング採取とその試料検体の成分分析・材料試験等（フェーズⅡ）調査を必ず実施する。,FALSE,フェーズⅡ調査は問題点の明確化と解決策のために実施されるオプション調査であり、 「必ず」実施する訳ではない
103-25-19,1,要点確認：経年劣化に対して機能維持をするための修繕・更新費用であり、緊急を要する修繕更新費用・短期修繕更新費用を含む。,FALSE,解説の要点：緊急を要する修繕更新費用・短期修繕更新費用を含まない
103-25-19,2,要点確認：調査対象建物は平日日中に使用しているため休日および夜間工事を前提に算出した。,FALSE,解説の要点：中・長期修繕更新費用は一般的な工法による施工を前提に査定するため、夜間・休日工事など個別の施工条件は通常考慮しません。
103-25-19,3,建築時点および現状の建物の性能を維持する前提で作成され、機能や性能の向上などの要因は考慮されない。,TRUE,この理解で合っています。建築時点および現状の建物の性能を維持する前提で作成され、機能や性能の向上などの要因は考慮されない。
103-25-19,4,要点確認：修繕更新費用は安い方が良いため希望金額をER作成者に指定して依頼した。,FALSE,解説の要点：修繕更新費用は単に安ければよいものではありません。建物の機能・価値を維持するために必要な工事項目と妥当な費用を客観的に査定します。
103-25-20,1,築年が浅く、図面や検査済証など必要書類はすべて揃っていると判断されたため、現地調査は行わず机上調査としてエンジニアリングレポート作成者に委託した。,FALSE,基本的に現地調査なしのレポートはあり得ない
103-25-20,2,立ち入れる範囲で調査を許可された部分に関して実施するサンプリング調査（抜取り調査）といえる。,TRUE,この理解で合っています。立ち入れる範囲で調査を許可された部分に関して実施するサンプリング調査（抜取り調査）です。
103-25-20,3,現地調査で設備が機能しているか確認できない場合には、目視調査だけでなく試験運転を実施することが一般的といえる。,FALSE,解説の要点：目視調査およびヒアリング調査を基本とする
103-25-20,4,要点確認：調査対象建物の設備に詳しい施設管理者の立会いを求めた。,TRUE,現地調査でヒアリング調査は重要になる
103-25-21,1,プロパティマネジメントとは、ビルオーナーを代行して、建物管理・テナント管理を一括して実施することで収益と資産価値の最大化を図る業務といえる。,TRUE,この理解で合っています。プロパティマネジメントとは、ビルオーナーを代行して、建物管理・テナント管理を一括して実施することで収益と資産価値の最大化を図る業務です。
103-25-21,2,要点確認：テナント誘致や契約管理もプロパティマネジメント業務の一環として実施される。,TRUE,この理解で合っています。テナント誘致や契約管理もプロパティマネジメント業務の一環として実施される。
103-25-21,3,要点確認：建物ごとの築年数や用途、立地条件は、不変で固定的なものであり、こうした変化を前提として管理する必要はない。,FALSE,不動産は、築年数や用途、立地条件等の様々な要因の組合せにより特有のリスクが形成され、こうした要因は常に変化するものといえる。プロパティマネジャーには刻々と変化するリスクを的確にコントロールすることが必要とされる
103-25-21,4,要点確認：プロパティマネジメント業務のうち「運営業務」は、建物や建物設備を適切に保全していく運営中のハード面の対応を指す。,FALSE,記述されているハード面の保全は建物管理業務です。運営業務は、テナント対応や収支管理など建物運営に関わる実務を意味します。
103-25-22,1,建物の管理運営計画では、テナントや建物利用者の快適性や安全性の提供が主要な目的の一つといえる。,TRUE,この理解で合っています。建物の管理運営計画では、テナントや建物利用者の快適性や安全性の提供が主要な目的の一つです。
103-25-22,2,要点確認：事後保全は、必ずしもリスクの高い対応とは限らず、状況によっては意図的に選択されることもある。,TRUE,この理解で合っています。事後保全は、必ずしもリスクの高い対応とは限らず、状況によっては意図的に選択されることもある。
103-25-22,3,年間維持管理計画は、月次点検などを含む定期的な点検計画といえる。,TRUE,この理解で合っています。年間維持管理計画は、月次点検などを含む定期的な点検計画です。
103-25-22,4,コンバージョンは、既存用途のまま内装をリニューアルすることで市場価値を高める手法であり、テナントや利用者のニーズが変化した際に有効といえる。,FALSE,解説の要点：コンバージョンとは用途変更することである
103-25-23,1,定期建物賃貸借契約の特徴の一つは、契約の期間に関わらず賃貸人による賃借人に対する契約終了の事前通知義務がないことといえる。,FALSE,契約期間が1 年以上の場合には期間満了の1 年前から6 ヶ月前までの間に契約終了の通知が必要とされる
103-25-23,2,要点確認：賃貸借契約の締結時には、館内規則や貸方基準などの書類も同時に交付される。,TRUE,この理解で合っています。賃貸借契約の締結時には、館内規則や貸方基準などの書類も同時に交付される。
103-25-23,3,入居申込書は、契約条件の交渉に先立って入居希望テナントから提出されることが一般的といえる。,TRUE,この理解で合っています。入居申込書は、契約条件の交渉に先立って入居希望テナントから提出されることが一般的です。
103-25-23,4,環境配慮を企業方針に掲げる企業は、環境認証の有無などをオフィスビル選定の判断基準にする場合もある。,TRUE,この理解で合っています。環境配慮を企業方針に掲げる企業は、環境認証の有無などをオフィスビル選定の判断基準にする場合もある。
103-25-24,1,コスト管理とは、単なる支出削減ではなく、賃料や入居率に影響しうる建物の品質を維持しつつ、効率的な運営を目指すことといえる。,TRUE,この理解で合っています。コスト管理とは、単なる支出削減ではなく、賃料や入居率に影響しうる建物の品質を維持しつつ、効率的な運営を目指すことです。
103-25-24,2,要点確認：法定定期点検の実施内容や周期は建築基準法により全国で統一されている。,FALSE,自治体により周期や内容が同一ではないものもある
103-25-24,3,PMレポートは、キャッシュフローや入出金状況を含むビル経営状況の報告書であり、ビルオーナーが意思決定するための重要な資料になる。,TRUE,この理解で合っています。PMレポートは、キャッシュフローや入出金状況を含むビル経営状況の報告書であり、ビルオーナーが意思決定するための重要な資料です。
103-25-24,4,貸方基準におけるA工事とは、ビルの標準仕様を根拠に、賃貸人が発注者となり、施工者を指定し、費用負担を実施する工事であることが一般的といえる。,TRUE,この理解で合っています。貸方基準におけるA工事とは、ビルの標準仕様を根拠に、賃貸人が発注者となり、施工者を指定し、費用負担を実施する工事であることが一般的です。
103-25-25,1,定期整備業務は各種設備機器の劣化状況の確認やモーターへのグリスアップ、ベルト交換などを実施するもので、これらはすべて専門業者に委託して実施する。,FALSE,専門業者に委託するほか設備管理員にて実施する場合もある
103-25-25,2,日常清掃は、照明器具やブラインドなど建物全体の細部を対象とした清掃といえる。,FALSE,照明器具やブラインドなどを対象とするのは特別清掃です。日常清掃は、共用部の床清掃やごみ処理など日常的に実施する作業を意味します。
103-25-25,3,機械警備では、警備員の異常発生時の到着時間までは定められていないものの、どれだけ早く的確な判断や措置をするかが重要になる。,FALSE,解説の要点：30 分以内（都内などの場合は25 分以内）に到着しなければいけないことが警備業法で定められている
103-25-25,4,プロパティマネジメントにおけるコンストラクションマネジメントは、修繕・改修工事の品質、工期、コストの最適化を通じた、ビルの価値の維持・向上を図るものといえる。,TRUE,この理解で合っています。プロパティマネジメントにおけるコンストラクションマネジメントは、修繕・改修工事の品質、工期、コストの最適化を通じた、ビルの価値の維持・向上を図るものです。
103-25-26,1,物理リスクとは、具体的にはESG評価で低スコアを付けられることによって投資資金が引きあげられるリスクが例にできる。,FALSE,ESG評価の低下により投資資金が引き揚げられるリスクは移行リスクです。物理リスクは、洪水・台風・猛暑など気候変動による直接的な損害を意味します。
103-25-26,2,ネガティブスクリーニングとは、社会的責任投資の一種であり、環境や社会に対して高い評価を得ている企業を選別する手法といえる。,FALSE,解説の要点：選択肢はポジティブスクリーニングの説明である
103-25-26,3,GRESBの評価項目では、保有物件単位での環境認証取得状況が加点対象となっている。,TRUE,この理解で合っています。GRESBの評価項目では、保有物件単位での環境認証取得状況が加点対象となっている。
103-25-26,4,GRIスタンダードは、企業の財務情報の開示に関わる国際的な会計基準といえる。,FALSE,解説の要点：サステナビリティ報告（非財務情報）のために準拠する基準である
103-25-27,1,BELSは建築物省エネルギー性能表示制度であり、日本国内で運用されている制度といえる。,TRUE,この理解で合っています。BELSは建築物省エネルギー性能表示制度であり、日本国内で運用されている制度です。
103-25-27,2,Energy Starは、環境保護庁（EPA）が運営している制度で、日本国内の建築物だけが対象になる。,FALSE,解説の要点：Energy Starは米国環境保護庁（EPA）が運営する国際的な省エネルギー制度で、対象は日本国内の建築物に限定されません。
103-25-27,3,同じ用途の建築物での比較で、BEI（Building Energy Index）の値が0.6の建築物は、0.5の建築物よりも省エネルギー性能が高いことという意味になる。,FALSE,値が 1.0 より低くなるほど省エネルギー性能が高いため、BEI の値が 0.5 の建築物の方が、0.6 の建築物よりも省エネルギー性能が高いことという意味になる
103-25-27,4,要点確認：エンボディドカーボンは、CO₂排出のうち運用時に発生するもののみを対象とする。不動産投資の基礎105.不動産ファイナンスの基礎問題Course1 修了試験受験科目,FALSE,エンボディドカーボンは、建設資材の製造・調達、施工、改修、解体・廃棄など建物のライフサイクルで生じるCO₂を意味します。運用時の排出だけではありません。
105-25-28,1,テキスト105「不動産ファイナンスの基礎」で、狭義の意味としてのファイナンスという言葉は、資金調達および投資理論を含むものとして使用している。,FALSE,解説の要点：狭義のファイナンスの概念は資金調達のみを対象としている
105-25-28,2,不動産ファイナンスの代表的な形態であるノンリコースローンは、非遡及型ローンとも言われており、対象になる不動産からの収益や売却代金によって返済がなされるが、仮に返済が滞った場合には、関係者である投資家や不動産投資顧問会社に対して残債権額の返済を求めるといったような保証を求めることが多い。,FALSE,解説の要点：ノンリコースローンが、非遡及型と言われるのは、事業主体のその他の資産のみならず、第三者による返済をも想定されていないことにある
105-25-28,3,不動産ファイナンスでは、仕組みを構築する際に、倒産隔離性を確保することが重要だと言われる。これは、その事業主体にファイナンスを実施している債権者から見た場合に、第三者の債権者が出現しないための工夫であり、事業主体の株主への備えのためではない。,FALSE,事業主体（子会社）の直接の債権者ではなくとも、事業主体の株主（親会社）の債権者が、株主権を行使して、事業主体の債権者になる可能性があり、その事業主体の株主への備えのためでもある
105-25-28,4,一般に不動産ファンドは投資期間が有限であるが、J-REITは期限の定めがない事業主体であることから、J-REITへのファイナンスでは継続企業であることを前提とした可否判断をする必要になる。,TRUE,解説の要点：J-REIT は継続企業を前提とした事業主体であり、必ずしもファイナンスの期限時に所有している不動産もしくは不動産信託受益権の売却によって返済がされるわけではない
105-25-29,1,サブプライム住宅ローン問題が拡大した大きな要因の一つは、証券化という金融技術の普及に伴って原資産のリスクが過度に分散した結果、リスクの所在や規模の特定が困難になったことといえる。その対応として、原資産などのリスクなどに関わる情報を確保・提供することでトレーサビリティを担保する仕組みが整備された。,TRUE,この理解で合っています。サブプライム住宅ローン問題が拡大した大きな要因の一つは、証券化という金融技術の普及に伴って原資産のリスクが過度に分散した結果、リスクの所在や規模の特定が困難になったことといえる。その対応として、原資産などのリスクなどに関わる情報を確保・提供することでトレーサビリティを担保する仕組みが整備された。
105-25-29,2,日本では1994年の証券化商品第1号の発行以降、2007年からのサブプライム住宅ローン問題を契機とするグローバルな金融危機の発生や、 2020年以降の新型コロナウイルス発生の影響により証券化商品の発行額が一時的に減少する期間はあったものの、その後回復し、2023年度では過去最大の発行額となっている。,FALSE,解説の要点：日本の証券化商品発行額は金融危機やコロナ禍後に回復していますが、2023年度が過去最大という記述は誤りです。
105-25-29,3,要点確認：金融危機が発生した後、オリジネーターが売却することを前提にローンをオリジネートするOTDモデル（originate-to-distribute）への批判から、スポンサーやオリジネーターに証券化商品のリスクの一部の保有を義務付けるレバレッジ規制が導入されている。,FALSE,解説の要点：スポンサーやオリジネーターに証券化商品のリスクの一部保有を求める仕組みはリスク・リテンション規制です。レバレッジ規制ではありません。
105-25-29,4,要点確認：商業用不動産担保ローンの証券化は、①単一の借入人向けの単一の大型ローンを担保としたCMBS（シングルボロワー）、②単一の借入人向けの複数の大型ローン/ コンデュイットローンのプールを担保としたCMBS（マルチボロワー）の2つに大きく分類される。,TRUE,この理解で合っています。商業用不動産担保ローンの証券化は、①単一の借入人向けの単一の大型ローンを担保としたCMBS（シングルボロワー）、②単一の借入人向けの複数の大型ローン/ コンデュイットローンのプールを担保としたCMBS（マルチボロワー）の2つに大きく分類される。
105-25-30,1,オートローンなどの小口債権はそれ単体では流動性は低いが、分散の効いた小口債権の集合体となっていることで買手が現れる可能性が出てくる。これは試行回数や抽出標本数を増やすことで本来の確率に近づく「和の法則」による効果といえる。,FALSE,解説の要点：試行回数や抽出標本数を増やすことで本来の確率に近づく法則は「大数の法則」である
105-25-30,2,証券化は、資金調達主体（原所有者（原債権者）に限らない）が金銭債権を裏付けに倒産隔離されたSPV（Special Purpose Vehicle）を経由して優先劣後構造を持つ二つ以上の階層化された有価証券の発行により資金調達をすることと言えるが、この二つ以上の階層化をメザニンという。,FALSE,前半の文章は正しいが、 「この二つ以上の階層化をメザニンという」としている点が不正確
105-25-30,3,ストラクチャードファイナンスもアセットファイナンスであり、 「アセット（資産）を使ったファイナンス」であるから、企業が実施する不動産担保などの担保付借入れも広義のストラクチャードファイナンスと言える。,FALSE,解説の要点：企業の信用力にも返済を依存する通常の不動産担保借入れは、ストラクチャードファイナンスとは区別されます。後者は特定資産のキャッシュフローと仕組みに依拠します。
105-25-30,4,企業が保有する資産の信用力のみを裏付けに資金調達をするという特別な目的に沿って資産を保有する企業からその資産を切り離すための“箱”として利用されるのが、SPVであり、SPVには、資産から生ずる損益をできる限りそのまま投資家に還元させること（導管性、Pass-through性）が必要とされる。,TRUE,この理解で合っています。企業が保有する資産の信用力のみを裏付けに資金調達をするという特別な目的に沿って資産を保有する企業からその資産を切り離すための“箱”として利用されるのが、SPVであり、SPVには、資産から生ずる損益をできる限りそのまま投資家に還元させること（導管性、Pass-through性）が必要とされる。
105-25-31,1,満期一括償還 （ハードブレット） は、一般的な国内事業債のように、決められた満期に社債額面全額が償還になるタイプといえる。,TRUE,この理解で合っています。満期一括償還 （ハードブレット） は、一般的な国内事業債のように、決められた満期に社債額面全額が償還になるタイプです。
105-25-31,2,要点確認：ソフトブレットは、予定償還期日に期日一括償還されることが想定されているものの、証券化期間中、元本返済口座に十分なキャッシュが積み上がらなかった場合を想定して事前にトリガー条項を設定し、それに抵触した場合トリガーが引かれ、最終償還期日（法定償還期日）まで償還が延期されたり、パススルーに変更されてとにかく早く投資家に返済していくといった措置がとられることになる。,TRUE,この理解で合っています。ソフトブレットは、予定償還期日に期日一括償還されることが想定されているものの、証券化期間中、元本返済口座に十分なキャッシュが積み上がらなかった場合を想定して事前にトリガー条項を設定し、それに抵触した場合トリガーが引かれ、最終償還期日（法定償還期日）まで償還が延期されたり、パススルーに変更されてとにかく早く投資家に返済していくといった措置がとられることになる。
105-25-31,3,コントロールアモチゼーションは、毎回（月次、四半期、または半年）の償還金額が一定金額に決められて元本償還を部分的に実施していく形態といえる。償還金額を超える債権プールからの元本回収金はSPVに滞留する形になるので証券化商品の利回りと滞留資金の短期市場などでの運用利回りの差異が逆ざやとなり、オリジネーターの資金調達コストが低減する形になる。,FALSE,解説の要点：SPVに滞留する資金の運用利回りが証券化商品の利回りを下回ると逆ざやが生じるため、オリジネーターの資金調達コストは上昇します。
105-25-31,4,パススルーは、債権プールからのキャッシュフロー （債務者からの任意の期限前返済や貸倒債権からの回収等も含む） を投資家にそのまま元利金として支払う形態といえる。投資家にとってみれば元本償還のスケジュールが変動する点や期限前返済等による機会損失（再運用リスク）は好ましくはないが、ハードブレットのような一定金額の利払いにするためにキャッシュフローを調整するコストがかからない分だけオリジネーターの資金調達コストは上昇する形になる。,FALSE,パススルー方式はキャッシュフロー調整のコストが不要な分、オリジネーターの資金調達コストを抑えられます。上昇するという結論が不正確です。
105-25-32,1,借入金利に関して、変動金利、固定金利による借入れのいずれでも、ベンチマークになる市場金利 （基準金利） に、個別のローン取引のスプレッド （貸付人が要求するクレジットリスク等に見合ったリターン）を足し合わせた構造であることに変わりはない。,TRUE,この理解で合っています。借入金利に関して、変動金利、固定金利による借入れのいずれでも、ベンチマークになる市場金利 （基準金利） に、個別のローン取引のスプレッド （貸付人が要求するクレジットリスク等に見合ったリターン）を足し合わせた構造であることに変わりはない。
105-25-32,2,要点確認：スプレッドは、借入金額や借入期間、マクロ環境だけでなく、各金融機関が評価するJ-REITごとの内部格付（行内格付）にも依拠している。,TRUE,この理解で合っています。スプレッドは、借入金額や借入期間、マクロ環境だけでなく、各金融機関が評価するJ-REITごとの内部格付（行内格付）にも依拠している。
105-25-32,3,要点確認：J-REITと金融機関との間で個別に設定されたコベナンツ（財務制限条項） に抵触しているか（抵触の懸念があるか）も、内部格付（行内格付）上の重要なポイントとなり、LTV（Loan to Value）やDSCR（Debt Service Coverage Ratio）等の指標が参照される。,TRUE,この理解で合っています。J-REITと金融機関との間で個別に設定されたコベナンツ（財務制限条項） に抵触しているか（抵触の懸念があるか）も、内部格付（行内格付）上の重要なポイントとなり、LTV（Loan to Value）やDSCR（Debt Service Coverage Ratio）等の指標が参照される。
105-25-32,4,要点確認：日本銀行が2016年にマイナス金利の導入を決定した後の5 年程度は、長期金利が0 ％近傍で推移したことから、J-REIT 各社はリファイナンスに乗じて借入れの短期変動化を進め、財務安定性の向上に努めた。,FALSE,解説の要点：マイナス金利導入後、J-REIT各社は低金利を活用して借入れの長期化・固定化を進め、財務の安定性を高めました。短期変動化ではありません。
105-25-33,1,要点確認：2013年は日本銀行が「異次元の金融緩和」を開始した年であり、年間 1.20兆円のエクイティファイナンス（IPO、FO、第三者割当増資の合計）はJ-REITの歴史の中で最大となっている。,TRUE,この理解で合っています。2013年は日本銀行が「異次元の金融緩和」を開始した年であり、年間 1.20兆円のエクイティファイナンス（IPO、FO、第三者割当増資の合計）はJ-REITの歴史の中で最大となっている。
105-25-33,2,公募増資で、物件取得後のDPU成長を重視する場合、LTVを引き下げるストラクチャーを設計することが多い。,FALSE,解説の要点：LTV を引き上げるストラクチャーを設計することが多い
105-25-33,3,公募増資によるEPUの希薄化を最小限に抑える観点で、払込日（J-REITの口座への調達資金の入金日）をJ-REITの決算期の期初に設定することも多く、そのケースそこから逆算してプライシング日等のスケジュールを組んでいくことになる。,TRUE,この理解で合っています。公募増資によるEPUの希薄化を最小限に抑える観点で、払込日（J-REITの口座への調達資金の入金日）をJ-REITの決算期の期初に設定することも多く、そのケースそこから逆算してプライシング日等のスケジュールを組んでいくことになる。
105-25-33,4,私募REITとの比較で、J-REITでは個人投資家（投資信託経由での資金を含む）と海外投資家が保有金額ベースで主要なシェアを占めている一方で、年金の資金は限定的といえる。,TRUE,この理解で合っています。私募REITとの比較で、J-REITでは個人投資家（投資信託経由での資金を含む）と海外投資家が保有金額ベースで主要なシェアを占めている一方で、年金の資金は限定的です。
105-25-34,1,要点確認：CAPMによれば、個別のエクイティ銘柄の期待リターンは「リスクフリーレート×ベータ＋エクイティリスクプレミアム」で計算される。,FALSE,解説の要点：CAPM によれば、個別のエクイティ銘柄の期待リターンは「リスクフリーレート＋ベータ×エクイティリスクプレミアム」で計算される。
105-25-34,2,市場リスクは、株式市場を構成するすべての銘柄が等しく影響を受けるわけではない。市場リスクの影響の度合いは、個々の銘柄によって同一ではない。このような個々の銘柄が市場リスクに影響を受ける度合いが、ベータ（β＝市場のリターンの分散／当銘柄と市場のリターンの共分散）という名称で知られる指標で表される。,FALSE,解説の要点：ベータ（β）＝当銘柄と市場のリターンの共分散／市場のリターンの分散
105-25-34,3,ベータは、市場のリターンの変動1%に対して当銘柄のリターンが何%変動するかという傾向を表している。ベータが1より大きいということは、その銘柄のリターンの変動幅は市場を上回る傾向があることを表している。,TRUE,この理解で合っています。ベータは、市場のリターンの変動1%に対して当銘柄のリターンが何%変動するかという傾向を表している。ベータが1より大きいということは、その銘柄のリターンの変動幅は市場を上回る傾向があることを表している。
105-25-35,1,要点確認：定率成長配当割引モデルで、1年目配当を10円から12円、期待リターンを5%のまま、成長率を1%から-1%に変更すると、株価は20%下落する。,TRUE,変更前は10÷（5%-1%）=250、変更後は12÷（5%-（-1%））=200です。200÷250-1=-20%です。
105-25-36,1,要点確認：グリーンボンドは環境プロジェクト、ソーシャルボンドは社会的課題に取り組むプロジェクトの資金調達に用いられ、サステナビリティボンドは両方の特性を併せ持つ。,TRUE,解説の要点：グリーンボンドは環境面、ソーシャルボンドは社会面の資金使途に対応します。サステナビリティボンドは環境・社会双方に貢献する事業へ資金使途を限定した債券です。
105-25-37,1,TOPIX（東証株価指数）には、配当込みと配当なし（非配当込み）のものとがある。これらのうち、配当なし（非配当込み） のTOPIXを使うより、配当込みのTOPIX を使う方が、TOPIXを構成する株式の総合的なリスク・リターンを把握するのに便利といえる。,TRUE,解説の要点：配当込みインデックスには、キャピタルゲインとインカムゲインの両方が反映されており、投資パフォーマンスを総合的に測定するのに便利である
105-25-37,2,要点確認：東証REIT指数には、新聞等に掲載されている配当なし （非配当込み）のインデックスは存在する一方、配当込みのインデックスは存在しない。,FALSE,解説の要点：東証REIT 指数には、配当込みインデックスもある
105-25-37,3,日経平均株価（日経225）は、株式時価総額を指数化したものといえる。,FALSE,解説の要点：日経平均株価（日経225）は、株価平均型のインデックスであり、構成銘柄の株価の合計を構成銘柄の数で除して算出される
105-25-37,4,要点確認：不動産証券化協会が公表しているAJPI（ARES Japan Property Index）は、一定の期間に実際に取引された不動産を基礎として、総合収益率を算出している。,FALSE,「一定の期間に実際に取引された不動産を基礎として」が不正確。不動産証券化協会が公表しているAJPI（ARES Japan Property Index）は、J-REIT の保有不動産の開示情報を元に算出されてきた旧AJPI（ARES J-REIT Property Index）のユニバース（母集団）に、非上場・私募不動産ファンドの保有不動産を加えたものを基礎に作成する、実物不動産にかかる投資インデックスである
105-25-38,1,格付けでは、デフォルト・リスクと回収リスクが基本的判断要素といえる。,TRUE,この理解で合っています。格付けでは、デフォルト・リスクと回収リスクが基本的判断要素です。
105-25-38,2,債務の「格付け」とは、事業会社や証券化商品のSPC等が、その債務にかかる利息に関して、その支払いを約定通りに実施することが可能かどうかの確実性を簡単な符号でランキングしたものといえる。,FALSE,債務の「格付け」とは、事業会社や証券化商品のSPC 等が、その債務にかかる利息の支払いや元本の償還を約定通りに実施することが可能かどうかの確実性を簡単な符号でランキングしたものである
105-25-38,3,資本構成によって財務リスクを見るだけで、その企業のデフォルト・リスクを正しく判断できる。,FALSE,解説の要点：資本構成によって財務リスクを見るだけでは不十分であり、事業リスクを合わせて明らかにすることで、デフォルト・リスクが判断できる
105-25-38,4,要点確認：企業のデフォルト・リスクが小さい場合、常に回収リスクも低くなる。,FALSE,解説の要点：デフォルト・リスクが小さいからといって常に回収リスクも低いわけではない
105-25-39,1,"設問の投資家Xは効用の期待値を最大化し、投資機会Aの確実性等価は7,500円、リスクプレミアムは7,500円といえる。",TRUE,"期待効用から求める確実性等価は7,500円です。投資機会の期待値15,000円との差額15,000-7,500=7,500円がリスクプレミアムです。"
105-25-40,1,株価が100、120、132、99と推移した場合、各年の収益率を単純平均した年率期待リターンは約1.67%といえる。,TRUE,各年の収益率は20%、10%、-25%です。単純平均すると（20%+10%-25%）÷3≒1.67%です。
105-25-41,1,IRR は同額の資金を回収するならば回収のタイミングによらず一定になる。,FALSE,解説の要点：同じ金額を回収する場合には早く回収する方がIRR は高くなる。
105-25-41,2,IRR と債券のフォワードレートは同じ概念といえる。,FALSE,フォワードレートではなく最終利回りと同じ概念といえる。
105-25-41,3,IRR は投資額と回収するキャッシュフローの現在価値の総和がゼロになる割引率といえる。,TRUE,NPV（ネットプレゼントバリュー）がゼロになる割引率といえる。
105-25-41,4,要点確認：当初の投資額と同額を投資の終了時に回収する時、期中で得られる配当等のキャッシュフローが年率で3%の場合、IRR は3%とならない。,FALSE,投資額と回収額が同じ場合で期中収益が3%の場合はIRR も3%になる。
105-25-42,1,現在100を投資し、1年後に6、2年後に5、3年後に106を得るプロジェクトのIRRは、6/(1+r)+5/(1+r)^2+106/(1+r)^3-100=0を満たすrといえる。,TRUE,解説の要点：IRRは、将来キャッシュフローの現在価値と当初投資額の差であるNPVをゼロにする割引率です。
105-25-43,1,資産Aと資産Bの標準偏差がそれぞれ4%と10%、共分散が0.002の場合、相関係数は0.5といえる。,TRUE,解説の要点：相関係数は共分散÷（Aの標準偏差×Bの標準偏差）なので、0.002÷（0.04×0.10）=0.5です。
105-25-44,1,要点確認：リスクを標準偏差で捉えた場合、リスク回避的な投資家であれば、資産B より資産Aを選択する。,TRUE,解説の要点：リスク回避的な投資家であれば、期待値が同じ場合、標準偏差が低い資産を選択する。
105-25-44,2,要点確認：収益率が期待値（5%）を上回る確率は、資産AのほうがBよりも大きい。,FALSE,正規分布は左右対称であり、期待値を上回る確率も下回る確率も一致する。
105-25-44,3,収益率が期待値（5%）を下回る確率は、資産AとBとでは一致する。,TRUE,この理解で合っています。収益率が期待値（5%）を下回る確率は、資産AとBとでは同じです。
105-25-44,4,資産Aの収益率が－5%から15%までの値を取る確率と、資産Bの収益率が－5% から15%までの値を取る確率は一致する。,FALSE,資産A の収益率が－5%から15%まで（±2 標準偏差内）の値を取る確率が約95%である一方、資産 B の収益率が±1 標準偏差内の値を取る確率は約68%といえる。
105-25-45,1,分散投資で低減できるのはアン・システマティックリスク、低減できないのはシステマティックリスクであり、CAPMは期待リターンとシステマティックリスクの線形関係を表す。,TRUE,解説の要点：個別要因によるリスクは分散で低減できますが、市場全体に起因するリスクは残ります。CAPMでは後者をベータで捉えます。
105-25-46,1,時点0、1からの1年物スポットレートがそれぞれ1.5%、2.3%の場合、時点0からの2年物スポットレートは約1.9%といえる。,TRUE,解説の要点：（1+r）^2=（1+1.5%）×（1+2.3%）を満たすrを求めると、約1.9%です。
105-25-47,1,1年物・2年物スポットレートがそれぞれ1.5%、2.3%の場合、1年後からの1年物フォワードレートは約3.0%といえる。,TRUE,（1+2.3%）^2=（1+1.5%）×（1+f）からfを求めると、指定の丸め方では約3.0%です。
106-25-48,1,要点確認：嘘をついてはいけないということや他人を裏切ってはならないという倫理観は個人の内面の問題であるが、法律の条文のなかにはそのような倫理観と共通する規範を持つものがある。しかし、業務遂行過程における個人の誠実性を要求するような法律の規定はない。,FALSE,個人の誠実性を要求する法律の条文はあるので、ないという記述部分が不正確。金融サービス提供法第2条第1項は、不動産証券化商品を取り扱う事業者（金融商品取引業者等）およびその役員および使用人が負う義務として、誠実業務遂行義務を明文化しているなお、虚偽説明を禁止する各種条文の根底には嘘をついてはいけないという倫理、法律上の忠実義務には他人を裏切ってはならないという倫理があり、法律の根源には道徳や倫理があると考えることができる。
106-25-48,2,不動産証券化商品の販売を実施する会社の担当者個人は、販売行為の相手方である投資者に対して、会社が用意した法定の説明書（例えば、契約締結前交付書面）を交付し説明をすればその義務を果たしたことになり、その投資者に相応しい説明になっていないと知りつつ形式的な説明に終始しても、その担当者個人がその投資者に対して直接、不法行為責任を負うことはない。,FALSE,このケースにその担当者個人がその投資者に対して直接、不法行為責任を負うことはない、という部分が不正確。不法行為とは、第三者が有する権利または法律上保護される利益（例えば、投資商品を購入する場合には適正な説明を受ける権利または不適切な説明から保護される利益）を侵害することである投資者としては、個人の行為を特定して、その行為の違法性と権利侵害行為、損害および因果関係を立証する形になる。
106-25-48,3,不動産証券化商品の販売を金融商品取引業者に委託した会社は、委託先である金融商品取引業者の不適切な販売行為によってその会社が損害を被った場合、委託先である金融商品取引業者に対して委託契約上の善管注意義務違反を根拠とする損害賠償請求をすることは可能であるが、実際に不適切な販売行為を実施した金融商品取引業者の従業員個人に対しては、委託契約上の善管注意義務違反を根拠とする損害賠償請求をできない。,TRUE,契約上の善管注意義務違反とは、契約関係にある当事者間での債務不履行の問題といえる。従業員が会社の債務不履行責任を負うことはない
106-25-48,4,金融商品取引法では、金融商品取引業者等の従業員も行為義務の主体となっているケースもあるが、従業員がその義務に違反しても会社の補助者として行為しているに過ぎないので、従業員個人が罰せられることはない。,FALSE,違反をした従業員個人が罰せられることはないという部分が不正確。金商法上の行為義務違反の場合で事業者のみが行為義務の主体となっている場合でも、違反行為をした個人も行政刑罰を受けるケースもある。このことからも、行政法令上の行為義務は、個人も遵守する必要になることを意味している。本質的には、事業者の行為はその従業員の行為を通じて実現されるので、法人の従業員個人の行為規範と言える
106-25-49,1,要点確認：金融商品取引法上、金融商品取引業者等が負う善良な管理者としての注意義務（善管注意義務）は行政法規上の注意義務であって、それに反した場合には、民事上の善管注意義務違反を問われることはない。,FALSE,行政法規上の善管注意義務違反が民事上の善管注意義務違反になることもあるので、その点が不正確民法上どのような行為が善管注意義務違反になるかは、具体的な義務の存在、その内容（主として個別の契約の規定や締結趣旨により義務の存在と内容が特定される）と違反の程度により判断されることになるが、行政法上の善管注義務違反との関係が問題になる。金商法上は、様々な行為義務を事業者に課しており、例えば、リートの資産運用会社は、投資法人に対して善良な管理者の注意をもって投資運用業を行わなければならない（金商法第42 条第2 項）。
106-25-49,2,金融庁が公表している「顧客本位の業務運営に関わる原則」の中にある「金融事業者は、顧客の最善の利益を図るべきといえる。」という原則は、法的拘束力のないものと言われているため、金融商品取引業者等は顧客の最善の利益を考慮するという法的な義務を負うわけではない。,FALSE,顧客の最善の利益を考慮する法的義務はないという部分が不正確。 「顧客本位の業務運営に関わる原則」は法的義務を課すものではないが、金融サービス提供法第2 条第1 項で顧客等の最善の利益を勘案しつつ、顧客等に対して誠実かつ公正に、その業務を遂行する必要になるとされた
106-25-49,3,上記ロの金融庁の原則のなかにある「金融事業者は、取引における顧客との利益相反の可能性に関して正確に把握し、利益相反の可能性がある場合には、その利益相反を適切に管理すべきである」という場合の「顧客」と、 「金融事業者は、金融商品・サービスの販売・推奨等に関わる重要な情報を顧客が理解できるよう分かりやすく提供すべきである」という原則に記載されている「顧客」は、同一の概念とは限らない。,TRUE,原則ごとに保護・管理の対象になる関係者が同一ではないため、「顧客」が常に同一範囲を指すとは限りません。利益相反管理と情報提供では、具体的な取引関係に応じて対象を判断します。
106-25-49,4,金融商品取引業者の従業員が、投資経験のない投資者に過大なレバレッジリスクのある不動産証券化商品の購入を勧誘する場合には、その従業員個人だけではなく金融商品取引業者が不法行為責任を負う場合もある。,TRUE,設問のようなレバレッジリスクの説明義務違反に関しての事例は106 テキストの 1.4.3.3で紹介しているその事案では、証券会社は民法第 715 条の使用者責任を理由として不法行為責任を認められるが、裁判所は、組織的な管理責任にも言及している会社自体が民法第715条の使用者責任ではなく、組織的な不法行為の主体として民法第 709 条の責任を負うこともある
106-25-50,1,「信認」 （フィデュシャリー）という概念は、契約概念との対比で、通常その関係者は3人（3つのグループ等）であり、受認者は基本的に自己の利益を追求してはならず、受認者にはより大きな裁量が与えられるという特徴がある。,TRUE,この理解で合っています。「信認」 （フィデュシャリー）という概念は、契約概念との対比で、通常その関係者は3人（3つのグループ等）であり、受認者は基本的に自己の利益を追求してはならず、受認者にはより大きな裁量が与えられるという特徴がある。
106-25-50,2,要点確認：信認義務とは、主に忠実義務と善管注意義務という2つの義務からなり、前者の忠実義務とは、その分野のプロであれば当然払うであろう十分な注意を払い、業務を誠実に遂行するという義務を指している。,FALSE,解説の要点：その分野のプロであれば当然払うであろう十分な注意を払い、業務を誠実に遂行するという義務は善管注意義務を指している
106-25-50,3,不動産証券化ビジネスに関わる人々はプロフェッショナルといえる。それゆえ、信頼を寄せる投資家や市場に対し、専門家としての「信認義務」を負うのといえる。,TRUE,この理解で合っています。不動産証券化ビジネスに関わる人々はプロフェッショナルといえる。それゆえ、信頼を寄せる投資家や市場に対し、専門家としての「信認義務」を負うのです。
106-25-50,4,不動産証券化協会では、不動産証券化に携わる事業者に必要とされる共通の行動基準「一般社団法人不動産証券化協会自主行動基準」を策定し、会員の規律保持に努めている。,TRUE,この理解で合っています。不動産証券化協会では、不動産証券化に携わる事業者に必要とされる共通の行動基準「一般社団法人不動産証券化協会自主行動基準」を策定し、会員の規律保持に努めている。
102-25-1,1,要点確認：企業が自社の信用力を背景に、保有する不動産を担保として提供し、金融機関などから資金調達することをアセットファイナンスという。,FALSE,企業がその信用力を根拠に、自身のバランスシートを使って資金調達する「コーポレートファイナンス」に対し、証券化は特定の不動産等の収益性に依存して資金調達をするため、 「アセットファイナンス」の領域に属する
102-25-1,2,「法人企業統計」によると2023年度の結果で企業の総資産に占める割合は、有形固定資産（建物も含まれる） が約25%、土地は約10%であり、これらの有効活用・オフバランスなどが企業の収益力や効率性などに及ぼす影響は大きい。,TRUE,解説の要点：法人企業統計では、2023年度の企業総資産に占める有形固定資産は約25%、土地は約10%です。不動産の有効活用やオフバランス化は企業の収益性・資産効率に大きく影響します。
102-25-1,3,要点確認：市場型間接金融を拡大させる意義として、様々なリスク・リターンを持つ金融商品が提供されること、伝統的間接金融の下で銀行部門に集中するリスク量の増大を抑制することなどがある。,TRUE,この理解で合っています。市場型間接金融を拡大させる意義として、様々なリスク・リターンを持つ金融商品が提供されること、伝統的間接金融の下で銀行部門に集中するリスク量の増大を抑制することなどがある。
102-25-1,4,要点確認：私募REITは、安定的な資産運用を志向する地銀・信金・信組や年金などのニーズに応えるものであり、運用開始後 15年程度で、既に運用投資法人は11 銘柄、運用資産額は1.2 兆円（2024年12月末）にまで増加している。,FALSE,解説の要点：私募 REIT の運用投資法人は 58 銘柄、運用資産額は 6.8 兆円(2024 年 12 月末）となっている
102-25-2,1,二重課税の回避では、信託や組合のように、それ自体がもともと非課税のSPV を使う方法（パススルー）と、特定目的会社（TMK）や投資法人のように、一定の配当・分配ルールを満たせば、投資家への配当金・分配金を費用として損金算入することが認められるSPVを使う方法（ペイスルー）がある。,TRUE,この理解で合っています。二重課税の回避では、信託や組合のように、それ自体がもともと非課税のSPV を使う方法（パススルー）と、特定目的会社（TMK）や投資法人のように、一定の配当・分配ルールを満たせば、投資家への配当金・分配金を費用として損金算入することが認められるSPVを使う方法（ペイスルー）がある。
102-25-2,2,要点確認：証券化スキームそのものの信用力を強化したり、流動性を補完したりする仕組みのことを信用補完措置という。具体的には、余剰金積立（キャッシュリザーブ） や、銀行や損害保険会社などの第三者による保証、コミットメントラインの設定などがある。,TRUE,この理解で合っています。証券化スキームそのものの信用力を強化したり、流動性を補完したりする仕組みのことを信用補完措置という。具体的には、余剰金積立（キャッシュリザーブ） や、銀行や損害保険会社などの第三者による保証、コミットメントラインの設定などがある。
102-25-2,3,エクイティは自己資本・株式持分という意味になる。資産流動化法を根拠とする特定目的会社（TMK）の発行する優先出資証券や、J-REIT の投資法人債、GK-TKスキームを使った私募ファンドへの匿名組合出資がエクイティに該当する。,FALSE,解説の要点：投資法人債はエクイティではなくデットである
102-25-2,4,ノンリコースローンとは、債権者の求償権が担保不動産にしか及ばないローンで、債務不履行による貸付金の回収不足が生じても、債権者は債務者の他の資産から回収できない。ただし、J-REITの借り入れは通常、投資法人自体の信用力などを根拠とする一種のコーポレートローンといえる。,TRUE,この理解で合っています。ノンリコースローンとは、債権者の求償権が担保不動産にしか及ばないローンで、債務不履行による貸付金の回収不足が生じても、債権者は債務者の他の資産から回収できない。ただし、J-REITの借り入れは通常、投資法人自体の信用力などを根拠とする一種のコーポレートローンです。
102-25-3,1,ファンド型スキームでは、不動産の売却や入替え、あるいは投資家からの追加的な資金調達による不動産の買増しなどを、運用の専門家であるアセットマネジャーが判断し適宜実施する。,TRUE,この理解で合っています。ファンド型スキームでは、不動産の売却や入替え、あるいは投資家からの追加的な資金調達による不動産の買増しなどを、運用の専門家であるアセットマネジャーが判断し適宜実施する。
102-25-3,2,要点確認：私募REITは非上場のオープンエンド型の不動産投資法人であり、運用期間の定めがあり、一定の条件の下で出資金の払戻しを認めるなどの特徴を持っている。,FALSE,私募REITは、通常、運用期間の定めがないオープンエンド型です。一定条件で投資主からの払戻しを認める点は正しいですが、運用期間の説明が不正確です。
102-25-3,3,特定目的会社（TMK）は、投資家保護の観点から、対象資産の特定および資産流動化計画の作成が義務付けられており、この計画に沿って業務を行わなければならない。,TRUE,この理解で合っています。特定目的会社（TMK）は、投資家保護の観点から、対象資産の特定および資産流動化計画の作成が義務付けられており、この計画に沿って業務を行わなければならない。
102-25-3,4,要点確認：賃貸オフィスビルや賃貸マンションなど収益不動産向けのノンリコースローンを裏付けに発行される証券をCMBS という。ノンリコースローンは、証券化されることで高格付のCMBSから低格付や無格付までの多様な金融商品に変換される。,TRUE,この理解で合っています。賃貸オフィスビルや賃貸マンションなど収益不動産向けのノンリコースローンを裏付けに発行される証券をCMBS という。ノンリコースローンは、証券化されることで高格付のCMBSから低格付や無格付までの多様な金融商品に変換される。
102-25-4,1,不動産が適正な価格でSPV に譲渡されることは、真正売買の条件の1 つでもあり非常に重要になる。通常、不動産証券化における不動産の適正価格とは、その不動産が生み出すキャッシュフローを基に収益還元法で求めた市場価格（時価）のことといえる。,TRUE,この理解で合っています。不動産が適正な価格でSPV に譲渡されることは、真正売買の条件の1 つでもあり非常に重要になる。通常、不動産証券化における不動産の適正価格とは、その不動産が生み出すキャッシュフローを基に収益還元法で求めた市場価格（時価）のことです。
102-25-4,2,不動産証券化では、その不動産の生み出す将来のキャッシュフローとその変動リスクが投資家に移転するだけに、不動産の評価では細心の注意が必要とされる。そこで、デューデリジェンスという名称で知られる不動産調査ビジネスが大きく成長した。,TRUE,この理解で合っています。不動産証券化では、その不動産の生み出す将来のキャッシュフローとその変動リスクが投資家に移転するだけに、不動産の評価では細心の注意が必要とされる。そこで、デューデリジェンスという名称で知られる不動産調査ビジネスが大きく成長した。
102-25-4,3,ファンドを利用して実施する資産価値向上 （バリューアップ） の手法では、キャッシュフローの改善とリスクプレミアムの圧縮が基本となっている。,TRUE,この理解で合っています。ファンドを利用して実施する資産価値向上 （バリューアップ） の手法では、キャッシュフローの改善とリスクプレミアムの圧縮が基本となっている。
102-25-4,4,要点確認：2023 年末における米国REIT 市場のセクター構成比率は、J-REIT 市場と同様、オフィスの比率が最も大きい。また、通信基地局やレンタル倉庫、森林など J-REIT にはないユニークな不動産を保有し、セクター分散の効いた多様な不動産で構成されている。,FALSE,解説の要点：米国REIT 市場のオフィス比率は5%と小さい
102-25-5,1,要点確認：不動産の広告に関して、宅地建物取引業法第 32条により誇大広告は禁止されているが、おとり広告に同条の適用はない。,FALSE,国土交通省は、いわゆるおとり広告に関しても宅地建物取引業法第 32 条が適用されるとしている
102-25-5,2,宅地建物取引業法上、いわゆる一般媒介契約の場合でも宅地建物取引業者は指定流通機構への登録義務を負う。,FALSE,解説の要点：一般媒介契約の場合、指定流通機構への登録は義務ではない
102-25-5,3,未成年者は、宅地や建物の所有者になることはできないため、法定代理人が未成年者を代理し所有者になる。,FALSE,未成年者も権利能力を持つため、法定代理人の同意または代理のもとであれば宅地や建物の所有者になることができる
102-25-5,4,隣り合う土地の利用に関して、建築基準法で定めがあるため民法には建物の築造に関わる定めはない。,FALSE,民法でも相隣関係の規定があり、建築に関わる定めも存在する
102-25-6,1,宅地建物取引業法上、宅地もしくは建物の取引で買主になる場合には、業として実施する場合でも同法における免許は不要といえる。,FALSE,売買を業として実施する場合、宅地建物取引業法が適用される
102-25-6,2,近時の法改正により、 宅地建物取引業者が買主に重要事項説明を実施する場合、 重要事項としてアスベスト調査および建物状況調査を実施し、その内容を説明しなくてはならないこととなった。,FALSE,アスベスト調査や建物状況調査は実施が義務化されているわけではなく、実施している場合は説明等を実施する必要になる。アスベスト調査を受けている場合は、その事実や診断、調査結果を説明する必要になる。また、建物状況調査に関しても、あっせんに関わる事項を記載した書面を交付することや実施している場合は、結果の概要を説明する必要になる
102-25-6,3,不動産投資顧問業登録規程で、一般不動産投資顧問業の登録は任意だが、総合不動産投資顧問業の登録は強制される。,FALSE,解説の要点：不動産投資顧問業登録規程は任意の登録制度である
102-25-6,4,賃貸住宅の管理業務等に関わる法律で、賃貸住宅管理業を実施する者は、 その管理する賃貸住宅が200戸未満でも、同法の要件を満たせば賃貸住宅管理業者として登録できる。,TRUE,解説の要点：国土交通省は、賃貸住宅の管理戸数が200 戸未満でも法の要件を満たせば登録できるとしている
102-25-7,1,要点確認：金融市場は、取引される資金の期間により、1 年以内の資金を取引する短期金融市場と1 年超の資金を取引する長期金融市場に大別される。また、取引所を通さず、市場参加者の間で相対で取引がなされるオープン市場もある。,FALSE,解説の要点：市場参加者の間で相対で取引がなされるのは店頭市場である
102-25-7,2,証券市場で株式・社債・コマーシャルペーパー（CP）等を発行して資金調達を実施することを市場型間接金融と呼ぶ。,FALSE,解説の要点：株式・社債・CP 等による資金調達は直接金融である
102-25-7,3,オプション取引は、ある商品を、将来の一定期日までに、もしくは一定期日に、あらかじめ定める価格（権利行使価格） で売り付け（プット）または買い付け（コール）する権利の取引といえる。,TRUE,この理解で合っています。オプション取引は、ある商品を、将来の一定期日までに、もしくは一定期日に、あらかじめ定める価格（権利行使価格） で売り付け（プット）または買い付け（コール）する権利の取引です。
102-25-7,4,要点確認：TIBOR とは東京の銀行間の資金取引における出し手サイドが提示する金利で、国内の金融取引の基準金利として利用されている。,TRUE,この理解で合っています。TIBOR とは東京の銀行間の資金取引における出し手サイドが提示する金利で、国内の金融取引の基準金利として利用されている。
102-25-8,1,要点確認：金融商品取引法の施行により、信託受益権や投資ファンド等の集団投資スキーム持分も広く有価証券とみなされて規制対象となった。,TRUE,この理解で合っています。金融商品取引法の施行により、信託受益権や投資ファンド等の集団投資スキーム持分も広く有価証券とみなされて規制対象となった。
102-25-8,2,金融商品取引法により規定される金融商品取引業として①第一種金融商品取引業、②第二種金融商品取引業、③投資運用業、④投資助言・代理業があり、これらの業務すべてを登録制として横断的に規制する一方で、業務内容の範囲に応じて、例えば財産的基礎要件などの参入規制（登録拒否要件）を設けている。,TRUE,この理解で合っています。金融商品取引法により規定される金融商品取引業として①第一種金融商品取引業、②第二種金融商品取引業、③投資運用業、④投資助言・代理業があり、これらの業務すべてを登録制として横断的に規制する一方で、業務内容の範囲に応じて、例えば財産的基礎要件などの参入規制（登録拒否要件）を設けている。
102-25-8,3,証券市場は、その機能により、新たに証券を発行して発行者が資金調達を実施する発行（プライマリー）市場と、既発証券が売買される流通（セカンダリー）市場がある。,TRUE,この理解で合っています。証券市場は、その機能により、新たに証券を発行して発行者が資金調達を実施する発行（プライマリー）市場と、既発証券が売買される流通（セカンダリー）市場がある。
102-25-8,4,証券のセカンダリー市場における証券会社の主な業務には、顧客の証券の売買等の媒介、取次ぎ、代理を実施する委託売買業務 （ブローカレッジ） と、証券会社が自らの計算とリスクで証券の売買を実施する自己売買業務（ディーリング）がある。,TRUE,この理解で合っています。証券のセカンダリー市場における証券会社の主な業務には、顧客の証券の売買等の媒介、取次ぎ、代理を実施する委託売買業務 （ブローカレッジ） と、証券会社が自らの計算とリスクで証券の売買を実施する自己売買業務（ディーリング）がある。
102-25-9,1,額面100円、クーポン2.0%の債券を95円で購入し、5年後に100円で償還を受ける場合、単利の最終利回りは約3.16%といえる。,TRUE,解説の要点：［年間クーポン2円+（100円-95円）÷5年］÷95円×100≒3.16%です。
102-25-10,1,銀行業を営むには金融庁長官の免許が必要とされる。,FALSE,銀行業を営むには金融庁長官ではなく、内閣総理大臣の免許が必要とされる
102-25-10,2,要点確認：貸付に際してのスプレッドとは、基準金利に対する上乗せ金利を指し、銀行の引き受ける信用リスクやコストに見合うリターンといえる。,TRUE,この理解で合っています。貸付に際してのスプレッドとは、基準金利に対する上乗せ金利を指し、銀行の引き受ける信用リスクやコストに見合うリターンといえる。
102-25-10,3,要点確認：銀行の信用創造機能により新たに創り出された預金を派生的預金といい、理論上、 支払準備率が低いほど派生的預金は小さくなる。,FALSE,解説の要点：支払準備率が低いほど派生的預金は大きくなる
102-25-10,4,バーゼル規制による自己資本比率の算出に当たっては、貸出先の信用リスクは定量化の対象になるが、市場リスクやオペレーショナルリスクは対象とされていない。,FALSE,解説の要点：バーゼル規制による自己資本比率の算出に当たっては、貸出先の信用リスクのみならず、市場リスクやオペレーショナルリスクも対象に含まれる
102-25-11,1,ノンリコースローンとは、特定の事業もしくは資産から発生するキャッシュフローのみを返済原資とする融資のことで、伝統的なコーポレートファイナンスの一つといえる。,FALSE,ノンリコースローンとは、特定の事業もしくは資産から発生するキャッシュフローのみを返済原資とする融資のことで、それ以外にスポンサーへの求償権 （Recourse）がつかない非遡求型ローンを指し、伝統的なコーポレートファイナンスとは同一ではない
102-25-11,2,要点確認：建設中の物件を対象とした不動産ノンリコースローンをコンストラクションローンといい、対象物件の竣工後にパーマネントローンへ切り換えられることはない。,FALSE,解説の要点：建設中の物件を対象とした不動産ノンリコースローンをコンストラクションローンといい、対象物件の竣工後はパーマネントローンへ切り換えられるケースが多い。
102-25-11,3,PFI（Private Finance Initiative）は、PPP（Public Private Partnership）の代表的な手法の一つで、公共事業に民間のノウハウや資金を活用する手法といえる。,TRUE,この理解で合っています。PFI（Private Finance Initiative）は、PPP（Public Private Partnership）の代表的な手法の一つで、公共事業に民間のノウハウや資金を活用する手法です。
102-25-11,4,VFM（Value For Money）とは、一般に「支払いに対して最も価値の高いサービスを供給する」という考え方であり、同一の目的を持つ2つの事業を比較する場合、支払いに対して価値の高いサービスを供給する方を他に対し、 「VFMがない」という。,FALSE,「VFM」 （Value For Money）とは、一般に「支払いに対して最も価値の高いサービスを供給する」という考え方であり、同一の目的を持つ２つの事業を比較する場合、支払いに対して価値の高いサービスを供給する方を他に対し、 「VFMがある」という
102-25-12,1,銀行、保険会社、年金基金などの機関投資家は、顧客等から拠出された資金を投資運用・管理しており、利息、保険金、給付金等の形で顧客に一定の支払いをする必要になる。こうした支払い義務等の特性を根拠に総合的にリスク管理を実施する手法がALM（AssetLiability Management）であり、運用に関わる方針や目標はこのALM の観点から決定される。,TRUE,この理解で合っています。銀行、保険会社、年金基金などの機関投資家は、顧客等から拠出された資金を投資運用・管理しており、利息、保険金、給付金等の形で顧客に一定の支払いをする必要になる。こうした支払い義務等の特性を根拠に総合的にリスク管理を実施する手法がALM（AssetLiability Management）であり、運用に関わる方針や目標はこのALM の観点から決定される。
102-25-12,2,国内銀行は、不動産会社や不動産流動化等を目的とするSPC への貸し出しにより、不動産投資市場を支えている。また、私募REIT などの不動産証券化商品への投資も実施している。,TRUE,この理解で合っています。国内銀行は、不動産会社や不動産流動化等を目的とするSPC への貸し出しにより、不動産投資市場を支えている。また、私募REIT などの不動産証券化商品への投資も実施している。
102-25-12,3,要点確認：国内保険会社の中でも、生命保険会社と損害保険会社では資産運用における投資配分に差があり、それぞれにおける運用資産配分の構成比でみると、損害保険会社は、安定資産とされる国債への配分割合が生命保険会社より高い。,FALSE,解説の要点：生命保険協会と日本損害保険協会の 2024 年のデータによれば、運用資産に占める国債の割合は、国内生命保険会社では 39.6%であるのに対し、国内損害保険会社では 13.1%であり、生命保険会社の方が高い
102-25-12,4,要点確認：不動産証券化ビジネスの拡大に伴い、機関投資家が不動産に投資する場合、対象不動産の経営をアセットマネジャー等の第三者へ委託することが普及した。,TRUE,この理解で合っています。不動産証券化ビジネスの拡大に伴い、機関投資家が不動産に投資する場合、対象不動産の経営をアセットマネジャー等の第三者へ委託することが普及した。
102-25-13,1,海外機関投資家は、国内の不動産投資市場で、先進的物流施設のような新たな種類のアセットの国内での普及や、ホテルやリゾート分野で見られるような運営ノウハウの提供などにも寄与してきた。,TRUE,この理解で合っています。海外機関投資家は、国内の不動産投資市場で、先進的物流施設のような新たな種類のアセットの国内での普及や、ホテルやリゾート分野で見られるような運営ノウハウの提供などにも寄与してきた。
102-25-13,2,グローバルに不動産投資を実施している海外の大型年金基金は、各国の年金制度の一部であり、基礎年金や社会保障年金でないものも多い。,TRUE,この理解で合っています。グローバルに不動産投資を実施している海外の大型年金基金は、各国の年金制度の一部であり、基礎年金や社会保障年金でないものも多い。
102-25-13,3,SWF（政府系基金）は石油等の資源収入を運用原資としている中東の投資家であり、アジアやヨーロッパの投資家は対象外になる。,FALSE,解説の要点：SWF（政府系基金）には、石油等による資源収入を原資とするものと外貨準備金等を原資とするものがあり、アジアの SWF には外貨準備金を原資とするものも散見される
102-25-13,4,要点確認：SWF（政府系基金）は、投資利回りの設定に関して柔軟性が高く、優良な投資物件に対しては長期投資を前提に強気なスタンスで投資する傾向がある。そのため、世界の大型不動産取引で取得者あるいは売却者として、名を連ねている。,TRUE,この理解で合っています。SWF（政府系基金）は、投資利回りの設定に関して柔軟性が高く、優良な投資物件に対しては長期投資を前提に強気なスタンスで投資する傾向がある。そのため、世界の大型不動産取引で取得者あるいは売却者として、名を連ねている。
102-25-14,1,要点確認：日本では健康保険と同様に国民皆年金の公的年金制度が広く普及しており、全国民が国民年金に加入している。,FALSE,厚生年金加入者も受給開始時以降、厚生年金に加えて国民年金による老齢給付金を受給することが可能といえる。厚生年金は公的年金の二階部分であり、国民年金が共通の一階部分といえる。しかし、国民年金保険料の未納者も国民年金制度の加入者ではあるが、20 歳未満の国民は国民年金制度の加入者とはなっていない
102-25-14,2,要点確認：国家公務員には職務専念義務があるため、iDeCo （個人型確定拠出年金）に加入することが認められていない。,FALSE,公務員のiDeCo 加入は、当初、勤務時間中の有価証券取引に誘導する等職務専念義務に違反する可能性があるという主張も見られたが、確定拠出年金法の改正によって2017 年1 月より加入することが可能になっている。
102-25-14,3,大阪公立大学に常勤で勤務する教員は、日本私立学校振興・共済事業団の実施する私学共済事業に加入し将来に年金給付を受けることができる。,FALSE,解説の要点：公立大学に勤務する常勤の教員は、公立学校共済を経由して地方公務員共済制度に加入している
102-25-14,4,警視庁に勤務する常勤職員の年金積立金は、警察共済組合を通じて国家公務員共済組合連合会が運用を実施している。,FALSE,警視庁の職員は、警察共済組合を通じて地方公務員共済制度の加入者になっている。
102-25-15,1,年金基金が年金資産の運用に関し負っている受託者責任の中で特に重要なものは、注意義務と忠実義務といえる。,TRUE,この理解で合っています。年金基金が年金資産の運用に関し負っている受託者責任の中で特に重要なものは、注意義務と忠実義務です。
102-25-15,2,2023年11月20日に成立した「金融商品取引法等の一部を改正する法律」によって、企業年金を含む年金積立金の管理運用業者や年金基金には、金融サービスの提供等に関わる業務を実施する者として、顧客に対する最善利益義務を含む誠実義務が課されている。,TRUE,この理解で合っています。2023年11月20日に成立した「金融商品取引法等の一部を改正する法律」によって、企業年金を含む年金積立金の管理運用業者や年金基金には、金融サービスの提供等に関わる業務を実施する者として、顧客に対する最善利益義務を含む誠実義務が課されている。
102-25-15,3,要点確認：2024年8月に内閣府が制定・公表した「アセットオーナー・プリンシプル」は企業年金を含む様々な種類のアセットオーナーが守るべき基本的な共通規範とされており、すべての企業年金が既に受け入れを表明している。,FALSE,解説の要点：2025 年4 月末までに受け入れを表明している企業年金は、135 に留まる
102-25-15,4,年金の不動産投資にかかるゲートキーパーの選定に際しては、受託者責任の観点から、不動産に関わる専門知識、ストラクチャリングに関わる専門知識、ゲートキーパーとしての実績およびトラックレコード、組織・人材、コンプライアンス体制などを確認することが、ポイントになる。,TRUE,この理解で合っています。年金の不動産投資にかかるゲートキーパーの選定に際しては、受託者責任の観点から、不動産に関わる専門知識、ストラクチャリングに関わる専門知識、ゲートキーパーとしての実績およびトラックレコード、組織・人材、コンプライアンス体制などを確認することが、ポイントになる。
104-25-16,1,不動産証券化の媒体として、宅地建物取引業法上の宅地建物（以下の各問で、宅地建物取引業法を「宅建業法」、同法上の宅地建物を「現物不動産」または単に「不動産」という。）を、直接取得・保有できる法人としては、投資法人と特定目的会社があるが、いずれの法人もその全議決権を一般社団法人が保有するという倒産隔離の措置が採用されている。,FALSE,投資法人の議決権保有者を一般社団法人とするという部分が不正確。投資法人も資産の運用という特定された目的のためだけに設立し存続するという意味では、特別目的会社であるが、倒産隔離をするために一般社団法人に議決権を保有させる措置は執らず、議決権保有者は投資口を保有する投資家である
104-25-16,2,合同会社が不動産取引から生ずる収益を日本在住の投資家に分配するために現物不動産を保有し、投資家から匿名組合出資を受ける場合には、合同会社は必ず不動産特定共同事業法（以下、 「不特法」という。）上の許可を得る必要になる。,FALSE,解説の要点：現物不動産を対象とする匿名組合型ファンドでも、不特法上の特例事業の要件を満たせば、合同会社自身が不動産特定共同事業の許可を得ずに事業を行える場合があります。
104-25-16,3,日本における不動産証券化は1990 年代後半の不良債権の処理過程における担保不動産の流動化の要請のもとで発展したが、資産の流動化に関わる法律（以下、 「資産流動化法」という。）の制定により、特定目的会社に不動産を譲渡する場合には、法律上および会計上、真正譲渡が認められやすくなった。,FALSE,特定目的会社に不動産を譲渡すれば真正譲渡が法律上および会計上認められやすくなったという部分が不正確。どのSPCに対象資産を譲渡するときにも、SPCの種類如何で真正譲渡の要件が変わるということはない
104-25-16,4,要点確認：投資法人は規約で存続期間を定める必要がなく、また合併をすることにより資産規模を増やすという方法があるが、特定目的会社の場合は資産流動化計画で計画期間を定める必要があり、資産流動化法上、合併の手続き規定がない。,TRUE,解説の要点：投資法人は規約に存続期間を定めることができますが必須ではなく、合併も可能です。一方、特定目的会社は資産流動化計画に計画期間を定め、資産流動化法に合併手続の規定がありません。
104-25-17,1,不動産証券化商品の組成における考慮点として、売主であるオリジネーターから買主になる特別目的会社（以下、 「SPC」という。）への不動産の移転が真正な譲渡なのか、担保取引による資産の移転なのか（例えば譲渡担保取引）という問題がある。この問題は、売主の会計処理として、いわゆる5% ルールなどの会計上の基準から売却処理ができるかどうかで決定されるものであり、会計上オフバランスされると法律上も真正な譲渡になる。,FALSE,5％ルールなどの会計上の基準から売却処理ができる結果法律上も真正な譲渡になるという記載が不正確。会計上のオフバランスの問題と法律上の真正譲渡の問題は別の問題といえる。会計処理上のオフバランスも不動産が法的に譲渡されていることを前提としている。しかし、法律上の真正譲渡の認定と会計上のオフバランスの処理は、証券化実務では結論に矛盾がないような運用がなされており、どちらが本質的な決定要因かという難しい問題がある
104-25-17,2,不動産証券化商品の組成でSPCが対象不動産を取得する際に、その不動産の売主が売買決済後に引き続きテナントとしてその不動産を継続使用する場合、その売主の財務状況が健全であったとしても、売主と買主間の賃貸条件によっては、売主であるオリジネーターからの倒産隔離が図られていないと評価されるケースもある。,TRUE,真正譲渡を考慮する際の論点として、売主の継続的関与という点があり、セール・アンド・リースバックの場合に賃貸条件によっては譲渡担保性の論点が出てくる。オリジネーター（売主）が売却と同時にリースバックを受ける場合 （つまり売主が売買決済後に引き続き買主から賃借し、テナントとしてその不動産を継続使用する場合）には、継続的関与の一例として注意が必要とされる。例えば、賃貸条件が一般の賃料相場とは異なり、SPC が投資家に支払う債務の返済ができる水準にしてしまうなど、売却に伴う所有者としてのリスクが売主から買主に完全に移転していないと評価されるリスクがある
104-25-17,3,不動産証券化商品の組成時にSPCが対象不動産の取得をする場合には、対象不動産の売主の財務状況の健全性を確認することが重要になるが、売主に債務超過の可能性があるような場合には、対象不動産の売買が真正譲渡の観点から問題がない場合であっても、買主であるSPCがその売買取引に関して詐害行為取消権や否認権を行使され売買取引の効力が否定されるケースもある。,TRUE,真正譲渡であっても売買取引が否定される場合として、否認権や詐害行為取消権がある。真正譲渡ということは相当な対価が払われた場合と考えることができるが、そのような場合でも、売主が受領した財産を隠匿等する場合には否認権や取消権が行使され、認められるケースもある
104-25-17,4,財務的基盤の弱いオリジネーターが売上げをたてるため、GK-TK方式のファンドを組成して対象になる不動産信託受益権をオリジネーター指定の価格でGKに売却し、3年後の出口売却でオリジネーターが当初の売却価格以下で優先的に購入できる権利（優先的購入オプション）が付与されるスキームを考えた。匿名組合員になる投資家もオリジネーターがそのオプションを取得することを事前に了解し、実際に売主がGKに不動産信託受益権を売却し、そのオプションを根拠に買戻しを実行して投資家への分配もレンダーへの返済も完了した。そのような場合には、証券化商品として破綻なく終了しているので、真正譲渡の問題はなかったことになる。,FALSE,解説の要点：真正譲渡は資産移転時の実質で判定します。商品が破綻せず償還・返済まで完了しても、当初の移転が真正譲渡でなければ、不適切な会計・税務処理などが後から問題になり得ます。
104-25-18,1,オリジネーターがSPCと不動産売買契約を締結して所有権をSPCに移転し、SPCは所有権移転登記をした。所有権移転時に既に売主との間で不動産の賃貸借契約（本問では建物を前提とする）を締結して引渡しを受けていた賃借人（以下の事例や各問で、 「既存テナント」という。）は、SPCに対して従前と同様の賃借人としての地位を持つ。このケースSPCは、既存テナントへの通知や承諾なしに、既存テナントに賃料の請求ができる。,TRUE,所有権の移転に伴う賃貸借契約の承継に関わる基本型といえる。
104-25-18,2,上記イの事例で、売主はSPCとの間で、売買と同時にその不動産をSPC から借り受け、既存テナントに対して有する賃貸人としての地位を留保する旨の合意をした。その後、売主がSPCから賃貸借契約を債務不履行で解除された場合、既存テナントは従前と同様の賃借人としての地位をSPCに対して主張できない。,FALSE,既存テナントは従前と同様の賃借人としての地位を SPC に対して主張できないという部分が不正確。2020 年 4 月 1 日施行の民法第 605 条の 2 第 2 項で新設された賃貸人の地位の留保の効果である賃貸人の地位の留保の合意のなかには、賃貸人の地位の留保の合意だけではなく、買主 （賃貸人）から売主（賃借人）への賃貸の合意が必要になる。
104-25-18,3,オリジネーターが既存テナントのいる対象不動産を信託業法上の信託会社等（以下の事例や各問で、同法を根拠とする登録あるいは免許を受けた会社を「信託会社」という。）に信託して得た不動産信託受益権をSPCに譲渡した。信託会社は信託の登記と所有権移転登記をしたが、信託不動産は既存テナント以外の第三者へ賃貸（例えばマスターレッシーへの賃貸）はしていない。その後、SPCが破産手続きを開始した場合には、その信託不動産の既存テナントは、基本的に信託会社の固有財産から敷金の返還を受けることはできない。,FALSE,固有財産から敷金の返還を受けることはできない、という部分が不正確。不動産信託受益権を保有する GK-TK 方式の組成では、売主になる現物不動産の所有者が信託設定により信託受託者に所有権の移転をする。
104-25-18,4,上記ハの事例で、信託会社は信託の登記と所有権移転登記をしたのちに、サブリース会社であるA社に信託不動産を一括して賃貸するマスターリース契約を締結した。既存テナントは、信託会社とA社から連名で、対象借室に関して信託会社が信託譲渡を受け新たな所有者になると共に、A社がその信託会社から一括賃貸を受けマスターレッシーとなり、同一の賃貸条件でA社が賃貸人（転貸人）になる、ついては、A 社の指定する口座に賃料を振り込み、敷金返還債務もA社のみが負うという同意書に承諾していただきたいという通知を受けた。既存テナントが、この同意書により同意した場合、A社が破綻してマスターレッシーとしての地位を失っても、既存テナントとして、従前と同様の賃借人としての地位を信託会社に対して主張できる。,FALSE,既存テナントとして、従前と同様の賃借人としての地位を信託会社に対して主張できるという部分が不正確。事例ハのような場合には、信託受託者がテナントとの関係で直接の賃貸人になるわけだが、実務では、マスターレッシーになる者に一括賃貸することが多い。
104-25-19,1,ある不動産から生じる賃貸収益や売却収益を多数の投資家に取得させるために、対象になる不動産をオリジネーターが信託会社に信託し、それにより発生する信託受益権を分割して（準共有持分化して）投資家に販売する場合には、オリジネーターは金融商品取引法（以下、 「金商法」という。）上の金融商品取引業の登録をせずに、その信託受益権の準共有持分を販売できる。,TRUE,不動産信託受益権は金商法第2条第2項第1号のみなし有価証券なので、既発行の有価証券として反復継続して販売すれば、金融商品取引行為である有価証券の売買に該当する。しかし、当初委託者が信託受益権を販売する行為は金融商品取引法上は有価証券の発行があったものとみなされ、その発行時に自ら勧誘行為を実施しても金融商品取引行為としての私募を実施していることにはならない。
104-25-19,2,現物不動産を所有するオリジネーターがその不動産を信託受益権化するために自ら信託受託者となり、不動産信託受益権を準共有持分化し複数の投資家に販売する場合には、そのオリジネーターは信託業法を根拠とする自己信託業の登録と金商法上の第二種金融商品取引業の登録が必要になる。,FALSE,複数にしただけで自己信託業の登録を要するという部分が不正確また、自己信託の場合でも、受益権の性質は金商法第2条第2項第1号のみなし有価証券で、このケースの発行者が私募と同様の行為をしても金融商品取引行為にならないので第二種の登録が必要という点も誤りである自己信託した場合で信託委託者（オリジネーター）が受益権を多数の者に譲渡する場合には自己信託業の登録が必要になる。多数とは 50人というのが原則である自己信託の場合でも当初委託者兼受益者が受益権の発行者となり、その者が実施する発行時の投資家勧誘行為は上記イで述べたとおり、金融商品取引行為にならない。
104-25-19,3,信託会社は受託者として、信託不動産の物件管理行為をプロパティマネジメント会社（以下、「PM会社」という。）に自由に委託できる。ただし、受益者が信託契約でPM会社を指名した場合には、受託者である信託会社は、指名されたPM 会社に委託する必要になる。そのようにして指名されたPM 会社は信託業法上の義務を負わず、信託会社はPM会社の業務遂行に責任を有しない。,FALSE,PM会社は信託業法上の義務を負わず、信託会社は PM会社の業務遂行に責任を有しない、という部分が不正確。
104-25-19,4,不動産証券化で利用される管理型の信託契約で、受益者が信託受託者に信託財産の管理および処分に関して指図を実施する権限を持つことが明記される場合、受益者であるSPCから投資一任契約を根拠に信託受益権の投資判断の委託を受けているアセットマネジメント会社は、信託業法上、受益者のために忠実に信託財産の管理および処分に関わる指図を実施する義務を負う。,TRUE,指図権は信託法や信託業法上に定義はないが、信託業法第 65条は信託財産の管理または処分の方法に関して指図を実施する業を営む者を「指図権者」と定義する また、信託業法第2条第3項では委託者等のみの指図により信託財産の管理または処分が実施される信託のみの引受けを実施する営業を管理型信託業と定義している不動産証券化で使われる管理型の信託ではこれら信託業法上の規定がなされる前から、契約上、受益者に指図権を付与し、それをアセットマネジメント会社が代理行使する（あるいは代理という形式を使わず代行する） という方法を採用していた。
104-25-20,1,投資法人が実施する不動産売買の手続き的な意思決定は、投資法人の業務を執行し投資法人を代表する執行役員が実施する。その意思決定には役員会の承認が必要なケースもある。ただし投資法人は使用人を雇用することができず、投資法人の役員に不動産投資に関わる知識経験を要求する条項がない以上、投資法人の執行役員が自ら資産の運用に関わる実質的な投資判断を実施することは法制度としては予定されていない。,TRUE,投資法人を売買の当事者とする売買契約の締結には投資法人の意思表示が必要とされる。その意思表示は投資法人の代表者である執行役員が実施する。
104-25-20,2,特定目的会社が実施する不動産信託受益権の売買の手続き的な意思決定は、特定目的会社の業務を執行し会社を代表する取締役が実施する。資産流動化法上、その意思決定には取締役会の承認は必要とされていない。特定目的会社が有する不動産信託受益権は、特定資産管理処分受託者に不動産の管理および処分に関わる業務を委託する必要はないが、その売買の投資判断は投資一任業者に一任する義務がある。,FALSE,特定目的会社の場合にも、特定目的会社の業務を執行し会社を代表する取締役が売買の手続き的な意思決定をする点では投資法人と一致する。特定目的会社では取締役は１名でもよく、取締役会は必須の機関ではないしかし、特定目的会社の場合には取締役自らが実質的な投資判断をすることも想定されている。
104-25-20,3,登録投資法人が公募（金融商品取引法上の募集）形式で投資口を発行する場合には、投資法人の執行役員は、投資信託および投資法人に関わる法律上、一般事務受託者に募集行為を委託する義務があり、委託を受けた一般事務受託者は、金商法上は第二種金融商品取引業の登録を持つ必要になる。,FALSE,第二種金融商品取引業者という部分が不正確。登録投資法人は、発行する投資口を引き受ける者の募集に関わる事務、つまり、新規有価証券の募集の取扱いを一般事務受託者に委託しなければならないとされている投資法人の発行する投資証券は金商法第 2 条第 1 項第 11 号に規定された有価証券で、同条第2 項柱書きに規定される投資証券に表示される権利 （有価証券表示権利） としての投資口も、第一項有価証券と分類されているから、第一種金融商品取引業者の取扱う有価証券になる。第一項有価証券に関わる募集の取扱いは第一種金融商品取引業に含まれる
104-25-20,4,特定目的会社の取締役は、資産流動化法上は、一定の場合に優先出資の発行時で募集等に関わる事務を実施することが禁止されている。,TRUE,資産流動化法第 207 条は、 「特定目的会社の取締役または使用人は、その特定目的会社の発行する資産対応証券の募集等（金融商品取引法第2 条第3 項に規定する有価証券の募集または有価証券の私募をいう）の取扱いに関して次条第2 項の規定による届出が行われたときは、その資産対応証券の募集等に関わる事務を実施してはならない」とある。 「次条第2 項の規定による届出」とは、特定資産の譲渡人（以下「特定譲渡人」という。
104-25-21,1,投資事業有限責任組合契約に関わる法律（以下、 「LPS法」という。）上の投資事業有限責任組合（以下、 「有責組合」という。）は、LPS法を根拠とする登記によって組成されるが、LPS 法上、現物不動産に対する投資事業は基本的にできない。,FALSE,投資事業有限責任組合は、登記によって組成されるわけではないので、その点が不正確LPS 法上、例外的に現物不動産を取得できるケースもある
104-25-21,2,投資家が特定目的会社にエクイティ出資をする手段として組合契約は利用できない。しかし、投資家が合同会社に匿名組合出資をして、その合同会社が特定目的会社の優先出資持分を取得することはできる。ただし、そのケース、その合同会社は金商法上の投資運用行為（自己運用行為）をしていることになる。,TRUE,本事例のような手法が使われる一例として、海外投資家が優先出資を実施する場合に、税の導管性を維持するための国内過半募集の要件から、海外投資家が合同会社に匿名組合出資をして、合同会社が営業者として優先出資をするという手法がとられる場合もある。
104-25-21,3,上場リートでは、特定資産として、現物不動産や信託受益権に投資をする匿名組合契約上の営業者に対して出資をできる。特定目的会社も、現物不動産や不動産信託受益権を保有する事業に関して匿名組合出資をできる。ただし、特定目的会社の場合には、その組合の営業者は、対象資産の変更や追加取得はできない。,TRUE,投資法人の特定資産には有価証券や有価証券に該当しない匿名組合出資持分があるので、匿名組合出資をすることは可能である既に存在する匿名組合出資持分（金商法上の既発行の集団投資スキーム持分や不特法上の事業参加者の権利）を取得することと、新たに発行される場合、つまり、最初の出資者になる場合も、取得する資産は匿名組合持分であるので一致する。特定目的会社も現物不動産や不動産信託受益権を保有する匿名組合の出資持分を取得することが例外的に認められる。ただし、いわゆる対象資産変更型は除かれている
104-25-21,4,A氏、B氏およびC氏は、都心の新築マンションを三人で購入し転売利益を得る目的で民法上の任意組合を組成する合意をして、各自1億円の出資をした。A氏およびB氏は忙しいので不動産に詳しいC氏にそのマンションの業務執行を一任し、 C氏は自己の名義で不動産登記をしたうえで転売し出資の割合で収益の分配をしたが、業務執行に対する報酬を得ていない。このケース、C氏は、不特法上の不動産特定共同事業の許可を取得する必要はない。,FALSE,C 氏の行為は、不特法上の不動産特定共同事業を実施することに該当する可能性が高いので、許可を取得する必要はないというところが不正確。その事業のひとつは、不動産特定共同事業契約を締結してその不動産特定共同事業契約を根拠に営まれる不動産取引から生ずる収益または利益の分配を実施する行為に関わる事業である本問の合意は任意組合型の不特契約である（契約は書面であることは要求されていない。
104-25-22,1,金商法上のみなし有価証券である不動産信託受益権の売買を実施する売主および買主は、既発行の受益権の売買を業として実施する場合、いずれも金商法上の金融商品取引業者としての登録が必要とされるようになった。ただし、その売主および買主が金融商品取引業者による代理または媒介により売買を実施する場合には、売主および買主本人はそれぞれ自ら勧誘を行わない限り、金融商品取引業の登録は不要になる。,FALSE,買主が金融商品取引業者等による代理または媒介により売買を実施する場合には、買主本人は金融商品取引業の登録は不要になるという除外規定はないので、この点が不正確。既発行の信託受益権に関して売主自身が勧誘をすることなく、金融商品取引業者等による代理または媒介によりその販売に関わる契約を締結する場合には金融商品取引行為から除外されている信託受益権の「購入」は、何ら除外規定は用意されておらず、買主が購入する場合、第二種金融商品取引業者に購入の媒介を委託して登録を免れうるという規定はない
104-25-22,2,不特法上の特例事業者として合同会社が現物不動産を取得して賃貸運用した収益金を投資家に分配する方式では、事業参加者が取得する匿名組合契約型の不動産特定共同事業契約を根拠とする権利が金商法上のみなし有価証券となった。そのため、投資家勧誘を実施することができる不動産特定共同事業者は、第二種金融商品取引業の登録を持つことが必要とされる。,TRUE,特例事業者は、不動産特定共同事業契約の締結の勧誘に関わる業務を実施する行為を第四号事業者に委託する必要になる不動産特定共同事業契約を根拠とする権利でも、特例事業者と締結する組合契約上の権利は金商法上の集団投資スキーム持分に該当する第四号事業者は金商法上の私募の取扱いをすることにもなり、第二種金融商品取引業の登録が必要になる。同じ行為を不特法の観点から見れば、第四号事業者は特例事業者による不動産特定共同事業契約の締結の代理または媒介を実施することになるが、第四号事業を実施する場合の許可申請では、第二種金融商品取引業の登録をしていないことは許可の欠格事由となっている
104-25-22,3,上記ロの事例で投資家勧誘を実施する事業者は、金商法上の適合性の原則の適用（あるいは不特法上は準用）を受けるため、投資家の知識、経験、財産の状況および不動産特定共同事業契約を締結する目的を踏まえて適切な属性を持つ投資家にのみ勧誘行為を実施する義務を負う。しかし、勧誘の相手方が金商法上のオプトインをする場合には、そのような義務の適用（準用）を受けない。,TRUE,事例ロにおける販売会社は、金融商品取引業者として、金商法第40 条の第 1 号で、金融商品取引行為に関して、顧客の知識、経験、財産の状況および金融商品取引契約を締結する目的を踏まえて不適当と認められる勧誘を実施して投資者の保護に欠けることとなっており、または欠けることになるおそれがあることにならないようにその業務を行わなければならないと規定されている。そして、不特法第 21 条の 2 で上記規定は準用されており、不動産特定共同事業契約にも適用される。
104-25-22,4,上記ロの事例で、匿名組合契約型の不動産特定共同事業契約を根拠とする権利の取得を電子取引業務の方法で勧誘する（具体的にはインターネット上で不特定多数の者にその権利の取得の申込みを勧誘する）場合には、勧誘の相手方が500人以上になるので、金商法上のいわゆる公募型の募集になる。,FALSE,不特法上の特例事業の場合には組合型の不特契約上の権利も金商法上の有価証券（集団投資スキーム持分）になるが、金商法上の勧誘規制との関係では第二項有価証券に関して募集（公募）の取扱いになるかが問題になる。第二項有価証券の場合には、公募の取扱いに該当するのは、匿名組合の営業者の実施する「出資対象事業」として、その出資総額の 50％を超える額を有価証券に投資する事業である場合といえる。
104-25-23,1,要点確認：STの発行体は資産として、有価証券だけではなく、現物不動産も保有することが可能となっている。,TRUE,電子記録移転権利は、金商法第2 条第2 項各号の権利で、それが電子情報処理組織を使って移転できる財産的価値（電子機器その他の物に電子的方法により記録されるものに限る）に表示される場合に限り認識されるものである本問は、その財産的価値をトークンと呼ぶことにするという前提での問題となっている。
104-25-23,2,投資家が対面での勧誘や説明を受けることなく、インターネットを通じて、不動産信託受益権に投資をする匿名組合出資持分を取得する場合でも、その匿名組合出資持分はST とは限らない。,TRUE,金商法上の電子募集業務や電子募集取扱業務と ST 化は同じではない。不特法でも同様といえる。
104-25-23,3,金商法でみなし有価証券とされる匿名組合契約上の権利でST が発行される場合には、発行体のために募集（公募）や私募の取扱いができる事業者は、第一種金融商品取引業者である必要になる。,TRUE,電子記録移転権利は、属性は金融商品取引法第2 条第2 項第5 号のみなし有価証券であるが、開示規制上は第一項有価証券として扱われ、取扱業者は第一種金融商品取引業者になる
104-25-23,4,不特法上の対象不動産を自ら保有し不動産特定共同事業を実施する許可を得ようとする者は、金商法上の第二種金融商品取引業の登録をしている場合、組合契約型の不動産特定共同事業契約上の権利をSTにして勧誘する許可を得ることができる。,TRUE,本問は不特法上の第一号事業者が自ら特定勧誘業務を実施する場合の事業者としての許可の問題であり、そのケースには第二種金融商品取引業の許可を持っていることが方法の一つとなっている不特法上の第一号事業における組合型の不動産特定共同事業契約上の権利は基本的に金商法上の有価証券ではないが、ST 化されている場合には、同権利は、金商法上の集団投資スキーム持分になり、かつ電子記録移転権利になる。そのケースでも、集団投資スキームの自己私募（不特法上では第一号事業者自らが実施する勧誘行為）は第二種金融商品取引業の範疇である
104-25-24,1,金商法上の第二種金融商品取引業の登録をして不動産信託受益権を第三者から取得し自ら販売を継続している宅地建物取引業者（以下、 「宅建業者」という。）が、不動産信託受益権を投資経験のない個人に販売する際には、宅建業法、金商法、金融サービスの提供および利用環境の整備等に関わる法律（以下、 「金融サービス提供法」という。）、および消費者契約法の条文に適合した方法で販売する必要になる。,TRUE,宅建業者が金融商品取引業者である場合で不動産信託受益権の売主になる場合には宅建業法上の説明義務があるさらに、金商法も適用があるし、金融サービス提供法の適用もある事業者と個人（投資経験がないということは個人事業者とは言えない） 間の受益権売買契約は消費者契約に該当するので、消費者契約法の適用もある消費者契約法は積極的な（能動的な）説明義務を課すものではないが、同法上の重要事項に関して事実と同一ではない勧誘をしないように注意する必要になる。業性は、既に業者である以上、それを否定できない。
104-25-24,2,上記イの事例で、不動産信託受益権の販売時に、販売担当者が不動産投資経験のない個人に対して、対象不動産は将来確実に値上がりすると断定的に説明し、それをその個人が信じて売買契約を締結した場合、その買主個人は売買契約を消費者契約法を根拠に取り消すことができる。また、販売担当者が会社から言われたとおりに説明し、断定的な説明をしたことに関して故意または過失がなかったとしても、販売会社は不法行為責任を負う場合もある。,TRUE,消費者契約法上、将来におけるその価額などの変動が不確実な事項につき断定的判断の提供をすることにより、消費者が断定的判断の内容が確実であると誤認しそれによって消費者契約を締結すると、消費者はその契約を取り消すことができる民法上の詐欺や錯誤の条文を根拠に取り消すことも考えることができるが、消費者契約法の場合は断定的判断の適用があったことと、それが確実であると誤認し消費者契約を締結したということを証明すれば良いので、取り消しやすい。
104-25-24,3,上記イの事例で、その宅建業者がその受益権を特別目的会社として設立された合同会社に販売する際には、その合同会社は金商法上のいわゆるオプトインをできる。合同会社がオプトインをした場合、その宅建業者は、宅建業法、金商法および金融サービス提供法上の説明義務がなくなる。,TRUE,宅建業者が金融商品取引業者である場合で法人を買主とした不動産信託受益権売買の売主になる場合には宅建業法、金商法、そして金融サービス提供法の説明義務があるが、それぞれ、適用除外規定があり、宅建業法はオプトインした投資家には、金商法も契約締結前、締結時の書面交付義務の適用がなくなり、金融サービス提供法の重要事項の説明義務がなくなるなお、特別目的会社である合同会社だからオプトインできないということはない。
104-25-24,4,不動産信託受益権を直接保有する合同会社からの委託を受けて、匿名組合契約上の営業者になる合同会社に出資することを勧誘する場合、販売会社（金商法上適法な金融商品取引業者としての登録をしているとする）は勧誘の相手方が資本金1億円の上場会社であるときは、その勧誘の相手方に金商法上のいわゆるオプトアウト（特定投資家から一般投資家になること）ができる旨の告知をする必要はない。,FALSE,金商法上のオプトアウト告知の対象になる特定投資家には、104/上テキスト第8 章 12.2 で記載された上場会社が入る この種の特定投資家には、金融商品取引業者は、金融商品取引契約締結前にオプトアウト告知をする必要になる
104-25-25,1,(1)特定資産として不動産を保有する登録投資法人から資産の運用に関わる業務の委託を受ける者、(2)特定目的会社から特定資産である不動産の管理および処分に関わる業務の委託を受ける者、(3)不特法上の特例事業者から不動産特定共同事業契約を根拠に営まれる不動産取引に関わる業務の委託を受ける者、これらはそれぞれ、金商法上の金融商品取引業の登録および宅建業法上の宅建業の免許を保有している必要になる。,FALSE,登録投資法人から資産の運用業務を受託する場合には、金商法上の資産運用業として投資運用業の登録が必要になる。
104-25-25,2,上記イの事例で(1)主として不動産に投資をする登録投資法人、(2) 特定資産として不動産を保有する特定目的会社および(3)不特法上の特例事業者は、宅建業法上はみなし宅建業者になる。,FALSE,特定目的会社がみなし宅建業者になるという部分が不正確。特定目的会社は宅建業法が非適用である認可宅地建物取引業者である資産運用会社がその資産の運用を実施する登録投資法人は、一定の規定を除き（適用除外規定）、国土交通大臣の免許を受けた宅地建物取引業者とみなして宅建業法の適用を受ける不特法上の特例事業者も、一定の除外規定を除き、 「国土交通大臣の免許を受けた宅地建物取引業者とみなしてこの法律の規定を適用する」とされた
104-25-25,3,旅館業を遂行するために匿名組合出資を受けて旅館施設（不動産）を取得し、旅館業からの事業収益を金銭で分配するためだけに設立された合同会社が匿名組合出資を法人に勧誘する場合（合同会社自らが勧誘を実施する）には、不特法の適用はないが、金商法と金融サービス提供法が適用される。,TRUE,不動産取引からの事業収益の分配がなく旅館業に限定している場合には不特法の適用はないしかし、不特法上の第一号事業の場合であれば金商法が適用されない（匿名組合契約上の権利が集団投資スキーム持分から除外されているため。）が、逆に本問のような場合には除外規定がなく、匿名組合への出資は金商法上のみなし有価証券の発行で営業者が自ら投資家勧誘をすること（私募）になるため金商法の適用があり、金融サービス提供法上の金融商品の販売となり同法の適用もある
104-25-25,4,特定目的会社が旅館施設（不動産）を取得し、オペレーター（旅館業の許可を持つ会社）に賃貸する場合には、その旅館施設（不動産）を特定目的会社に譲渡した者は、一定の届出をすることにより、特定目的会社が優先出資証券を発行する際の投資家勧誘行為を実施することができる。,TRUE,特定目的会社は、特定資産の取得、管理および処分行為並びにそれらの附帯業務のみ実施することができ、自ら宿泊業などの施設運営事業を実施することはできないが、 不動産としての旅館施設を所有者から取得し、オペレーターなどに賃貸することはできる特定目的会社では特定資産の譲渡人が届出をして資産対応証券の募集等の取扱いができるという規定がある
104-25-26,1,投資事業有限責任組合が特定目的会社の発行するすべての特定社債を引受ける場合には、その有責組合の無限責任組合員は、自己運用行為を実施することになる。,TRUE,LPS で有価証券投資を実施する場合には、無限責任組合員が自己運用行為を実施することになる
104-25-26,2,登録投資法人が特定資産として更地を取得し新たな建物を新築するといった、新築工事、建替工事、増築、リニューアル工事等の発注を実施することは、資産運用会社がその開発行為に関わる各種リスクに留意して投資法人のポートフォリオ全体に過大な影響を生じさせないものと判断できる場合で、投資法人がゼネコン類似の行為を行わない場合、実行することは可能といえる。しかし、資産運用会社がそのような開発計画の立案をすることは、内閣総理大臣の承認を得る必要が生じるケースもある。,TRUE,投資法人の特定資産の運用に関わる制限として、投資法人が開発行為を行い不動産を取得する場合に一定の制約があるができないわけではないただし、不動産開発行為ができるとしても、資産運用会社としての他業禁止規定があり、不動産開発行為の立案等が承認業務になる可能性は指摘されているところである
104-25-26,3,不特法上の任意組合契約型の不動産特定共同事業契約では（ただし特例事業ではないものとする）、任意組合員になる事業参加者は組合事業から生じる損失に関して第三者に対して無限責任を負う可能性があるため、対象不動産に関して宅地の造成や建物の修繕を実施する場合には、事業参加者は特例投資家のみに限定する必要になる。,FALSE,このケース、つまり特例事業ではない第一号事業では、事業参加者は特例投資家のみに限定する必要はない。しかし、特例事業の場合には、宅地の造成、建物の建築以外に建物の修繕または模様替に関わる工事を実施する場合、対象不動産の価格 （鑑定評価額、公示価格、路線価、販売公表価格その他これらに準じて公正と認められる価格をいう） の１割に相当する額を超えないものにのみ特例投資家以外の投資家が参加できるとされている
104-25-26,4,一定の運用方針のもとで複数の対象不動産等に投資をする不動産ファンドを立ち上げることを企画した事業会社A社は、合同会社を組成し、親SPCとしてその合同会社1 社が、不動産信託受益権を直接保有する別の複数の合同会社（子SPC）に匿名組合出資をするスキームを考えた（いわゆる二層構造のスキーム）。ここで、親SPCは子SPCへの匿名組合出資をすることに関して金商法上の適格機関投資家等特例業務の届出を適法に実施している。このようなスキームでは、子SPCは金商法上の投資運用業者に全部一任する投資一任契約を締結する必要になる。,FALSE,この事例のスキームでは、子SPC は二層構造の特例が使える可能性があるので、金商法上の投資運用業者に全部一任する投資一任契約を締結する必要になるとまでは言えない。つまり、子SPC の投資対象を不動産信託受益権とし、かつその出資者を親 SPC1 社とする二層構造不動産ファンドのケースでは、親SPC の出資者に一般投資家がいる場合であっても、親SPC の営業者が適格機関投資家等特例業務の届出をしている場合には、あらかじめ子SPC に関わる事項を当局に届け出ることなどをすれば、子 SPC の投資運用業登録義務が適用除外になる
104-25-27,1,第二種金融商品取引業は、活発な流通があまり想定されない有価証券の売買等を業として実施するもので、兼業規制等は適用されず、最低資本金規制は業態によって同一ではない。,TRUE,解説の要点：第二種金融商品取引業には兼業規制と不適格な主要株主の排除は適用されません。一方、最低資本金などの財産要件は業態ごとに異なります。
104-25-28,1,一項有価証券の新規発行に関して、勧誘先が50 名以上の場合であっても、最終的な取得者が50名未満である場合には、少人数私募に該当しうる。,FALSE,少人数私募に該当するためには、勧誘先も 50 名未満である必要になる
104-25-28,2,二項有価証券の新規発行に関して、勧誘により最終的な所有者が500名以上になる場合には募集に該当し、募集に該当する場合にはその二項有価証券の種類にかかわらず、発行額に応じて有価証券届出書や有価証券通知書の提出を要する。,FALSE,二項有価証券は、募集に当たっても、基本的に開示規制の対象にならず（金商法第 3 条第 3 号）、例外的に主として有価証券への投資を事業とする集団投資スキーム持分等だけが開示規制の対象になる
104-25-28,3,要点確認：一項有価証券を公募する場合、発行額に応じて有価証券届出書や有価証券通知書の提出を要するが、私募の場合は届出や有価証券通知書の提出は要せず、販売する者は一定の例外に当たるときを除き、届出が行われていないこと等を相手に告知する義務を負う。,TRUE,解説の要点：私募の場合、届出や有価証券通知書の提出は要しないが、届出が行われていないこと等を相手に告知する義務を負う
104-25-28,4,要点確認：主として有価証券への投資を事業とする集団投資スキーム持分等は、一項有価証券と代替的な関係にあるものの、開示規制の対象にはならない。,FALSE,有価証券への投資を事業とする集団投資スキーム持分等は、一項有価証券と代替的な関係にあることから、その内容は出資者や市場における他の投資家にとって重要になるため、例外的に開示規制の対象になる
104-25-29,1,有価証券の募集または売出しでは、すべての投資家に対し目論見書の交付が義務付けられており、相手が適格機関投資家の場合であっても交付する必要になる。,FALSE,解説の要点：適格機関投資家を相手とする場合など、一部の場合には目論見書の交付義務が免除される
104-25-29,2,目論見書に虚偽記載があった場合には、投資家に損害が生じていれば、発行者や販売業者は故意・過失の有無にかかわらず損害賠償責任を負うが、免責事由（相当な注意を使っても虚偽記載を知りえなかった等）の立証ができれば責任を免れることができる。,FALSE,目論見書に虚偽記載があった場合で、重要な虚偽記載等があるときは、発行者・販売業者が免責事由を証明できなければ損害賠償責任を負うが、故意・過失が要件になる
104-25-29,3,要点確認：契約締結前交付書面・契約締結時交付書面・取引残高報告書の交付義務は、相手が特定投資家である場合には金融商品取引業者等に課されない。,TRUE,契約締結前交付書面等の交付義務は、特定投資家を相手とする場合には金商業者等に課されないなお、金商法等改正法により、契約締結前交付書面・契約締結時交付書面・取引残高報告書は、提供する情報の内容は維持しつつ、提供手段は書面交付に限定されず多様化されている（この点は2025 年 4 月1 日施行のため試験範囲外といえる。）。
104-25-29,4,私募や私売出しの場合であっても、適格機関投資家私募や少人数私募に該当する場合には、告知事項を記した書面を投資家に交付する必要になる。,TRUE,私募・私売出しの場合でも、適格機関投資家私募や少人数私募では、一定の告知事項を記した書面の交付が必要
104-25-30,1,金融商品取引業者等が広告等を使って、不動産証券化商品の内容を告知する場合、特定投資家のみを相手とする場合を除き一定の事項の表示義務がある。また利益の見込み等に関して、著しく事実に相違し、または著しく人を誤認させる表示をすることが禁じられている。,TRUE,解説の要点：金商法第37 条、第45 条により、特定投資家のみを相手とする場合を除き広告に一定の事項の表示義務が規定されている。また、著しく事実に相違する表示の禁止が規定されている
104-25-30,2,日本証券業協会（以下、「日証協」という。）に加入する金融商品取引業者等は、一項有価証券に関わる営業に関わる広告等に関し、日証協が定める規則の適用を受け、その規則が定める禁止行為の定めに従う他、景品類の審査体制や審査基準や保管に関わる規則を整備する必要になる。,TRUE,日証協に加入する金商業者等は一項有価証券に関わる営業に関わる広告等につき、 「広告等の表示および景品類の提供に関わる規則」の適用を受ける
104-25-30,3,要点確認：金商法は、金融商品取引契約の締結や勧誘に関して顧客に虚偽を告げる行為を禁じており、これに違反した場合は刑罰の対象になる。,TRUE,金商法第 38 条 1 号により金融商品取引契約の締結や勧誘に関して顧客に虚偽を告げる行為が禁止されており、これに違反した場合、刑罰の対象になる
104-25-30,4,要点確認：金融サービス提供法は、金融商品の販売等に関し、断定的判断の提供を禁止しており、金融商品販売業者がこれに違反して投資家に損害を与えた場合、金融商品販売業者には故意過失を問わず損害賠償責任が生じ、また、元本欠損額が損害額として推定される。,TRUE,金融サービス提供法は、断定的判断の提供を禁止しており（金融サービス提供法第 5 条）、これに違反したことによる顧客の損害に関して故意過失を問わず損害賠償責任を負担するとし（同法第6 条）、このケース元本欠損額が損害の額と推定される
104-25-31,1,証券会社が、自己の親法人等または子法人等の発行する REITの投資口の引受主幹事会社になることができるのは、投資法人・主幹事会社の双方から独立した証券会社が発行価格の決定に適切に関与しているという要件を充足する場合に限られる。,FALSE,証券会社が、親法人等または子法人等の発行する有価証券の引受主幹事会社になることは規制があるが、REIT の投資口の場合、投資法人・主幹事会社の双方から独立した証券会社が発行価格の決定に適切に関与している場合のほか、6 ヶ月以上上場している J-REIT で売買金額や時価総額等が所定の水準に達している場合も、引受主幹事会社になることができる
104-25-31,2,投資法人と執行役員との間の利益相反取引は、その投資法人の投資主の 3分の2以上の同意があれば実施可能になる。,FALSE,投資法人で、その投資法人の役員との間で利益相反取引を実施する場合は、投資主の3 分の2 の同意では足りず、全投資主の同意がなければ基本的に不可とされる
104-25-31,3,資産運用会社が自ら運用するファンド間での取引は、基本的に禁じられているが、その取引を実施することが必要かつ合理的と認められる場合で、不動産鑑定士による鑑定評価を踏まえて調査した価格で不動産売買を実施するときは、禁止が解除される。,TRUE,この理解で合っています。資産運用会社が自ら運用するファンド間での取引は、基本的に禁じられているが、その取引を実施することが必要かつ合理的と認められる場合で、不動産鑑定士による鑑定評価を踏まえて調査した価格で不動産売買を実施するときは、禁止が解除される。
104-25-31,4,要点確認：投資法人がその資産運用会社の利害関係人等との間で取引をする場合は、軽微なものであっても、役員会の承認を経た投資法人の同意を要する。,FALSE,解説の要点：投資法人とその資産運用会社の利害関係人等との取引は、資産に及ぼす影響が軽微なものを除き、役員会の承認を経た投資法人の同意を要する
104-25-32,1,金商法はJ-REITの投資口に関してもインサイダー取引を規制しており、J-REIT の根本的性質を左右する事項の他、投資口の発行・自己投資口の取得・業績変動・物件売買その他が、重要事実として規制の対象になるが、公開買付け等の実施・中止に関わる事実は規制の対象とはならない。,FALSE,金商法は J-REIT の投資口に関してもインサイダー取引を規制しており、J-REIT の根本的性質を左右する事項（資産運用委託契約の締結・解約、投資法人の合併、資産運用会社の業務停止・組織再編等々）の他、公開買付け等の実施・中止に関わる事実も規制の対象になる。
104-25-32,2,東京証券取引所は、上場会社等に重要な情報の適時開示 （決定または発生し次第、開示すること）を求めており、対象になる情報の範囲は通常は金商法のインサイダー取引規制における重要事実より広い。,TRUE,この理解で合っています。東京証券取引所は、上場会社等に重要な情報の適時開示 （決定または発生し次第、開示すること）を求めており、対象になる情報の範囲は通常は金商法のインサイダー取引規制における重要事実より広い。
104-25-32,3,資産運用会社は、上場会社等 （J-REITを含む）に関わる未公表の重要情報で、投資者の投資判断に影響を及ぼすと認められるものに関し、不公正な取引の防止を図るために必要かつ適切な措置を講じる必要があり、その措置の内容としては、 例えば役職員数や扱う業務の範囲等により、部署を分ける等が考えることができる。,TRUE,この理解で合っています。資産運用会社は、上場会社等 （J-REITを含む）に関わる未公表の重要情報で、投資者の投資判断に影響を及ぼすと認められるものに関し、不公正な取引の防止を図るために必要かつ適切な措置を講じる必要があり、その措置の内容としては、 例えば役職員数や扱う業務の範囲等により、部署を分ける等が考えることができる。
104-25-32,4,要点確認：投資法人の増資は、増資の金額が1億円未満であっても基本的に金商法上のインサイダー取引規制上の重要事実に該当する。,FALSE,解説の要点：投資法人の増資は、1 億円未満ならば基本的にインサイダー取引規制上の重要事実にならない
104-25-33,1,投資法人が実施する不動産取引のうち、利益相反の要素を含む取引の種類としては、売買または賃貸借の2種類に分類される。,FALSE,解説の要点：売買や賃貸借以外にも、媒介取引や管理委託取引等のケースでも利益相反は発生し得る
104-25-33,2,J-REITでは、不動産ファンドにあたる投資法人の資産運用を、投資法人の子会社である資産運用会社が実施する内部運用型の体系がとられているため、利益相反取引の扱いが問題になる。,FALSE,J-REIT では、投資法人が別法人（スポンサー会社の子会社等）である資産運用会社へ資産運用を委託する外部運用型の体系がとられているため、利益相反取引の扱いが問題になる
104-25-33,3,上場投資法人の投資口（投資証券）に関わるインサイダー取引の法規制は、投資信託および投資法人に関わる法律（いわゆる投信法）を根拠に課せられる。,FALSE,インサイダー取引の法規制は、金融商品取引法（旧証券取引法）を根拠とするものといえる。2014年施行の改正法により、上場投資法人の投資口に関してもインサイダー取引規制の対象に含まれることとなった
104-25-33,4,要点確認：日本におけるJ-REITの発足当初は、上場投資法人の投資口（投資証券）の売買取引は、インサイダー取引の法規制の適用対象外とされていた。,TRUE,この理解で合っています。日本におけるJ-REITの発足当初は、上場投資法人の投資口（投資証券）の売買取引は、インサイダー取引の法規制の適用対象外とされていた。
104-25-34,1,上場投資法人とその資産運用会社の利害関係人等との間で、不動産の売買取引が実施される場合、基本的にあらかじめ投資法人の同意を得る必要になる。,TRUE,この理解で合っています。上場投資法人とその資産運用会社の利害関係人等との間で、不動産の売買取引が実施される場合、基本的にあらかじめ投資法人の同意を得る必要になる。
104-25-34,2,上場投資法人とその資産運用会社の利害関係人等との間で、不動産の売買取引が行われた場合、取引に関わる事項を記載した書面（取引報告書面）を、遅滞なく投資法人に交付する必要になる。,TRUE,この理解で合っています。上場投資法人とその資産運用会社の利害関係人等との間で、不動産の売買取引が行われた場合、取引に関わる事項を記載した書面（取引報告書面）を、遅滞なく投資法人に交付する必要になる。
104-25-34,3,上場投資法人Aが、他の投資法人からの吸収合併により消滅法人になることを決定した場合、その事実が公表されるまでは、その事実を知った上場投資法人Aの会社関係者による、上場投資法人Aの投資口の売買取引が禁止される。,TRUE,この理解で合っています。上場投資法人Aが、他の投資法人からの吸収合併により消滅法人になることを決定した場合、その事実が公表されるまでは、その事実を知った上場投資法人Aの会社関係者による、上場投資法人Aの投資口の売買取引が禁止される。
104-25-34,4,上場投資法人の会社関係者である個人が、インサイダー取引の法規制に違反する投資口の売買取引を実施した場合、その罰則として科せられるのは、違反して得た財産の没収および追徴と、罰金刑といえる。,FALSE,インサイダー取引規制に違反した場合の罰則としては、財産の没収および追徴や罰金刑のみならず、懲役刑も科され得る※なおテキストの法令基準時点では刑として存在していた懲役および禁錮は、 令和7 年6 月から廃止され新たな刑として拘禁刑が創設されている。
104-25-35,1,譲渡人が譲渡不動産の対価として特別目的会社の発行する証券等を持っている場合でも、譲渡人のリスク負担割合が概ね10%の範囲内であれば、リスクと経済価値のほとんどすべてが他の者に移転しているものとして取り扱われる。,FALSE,リスク負担割合、つまり流動化する不動産の譲渡時の適正な価額（時価）に対するリスク負担の金額の割合が概ね 5%の範囲内であれば、リスクと経済価値のほとんどすべてが他の者に移転しているものとして取り扱う
104-25-35,2,譲渡人がセール・アンド・リースバック取引により、継続的に譲渡不動産を使用している場合には継続的関与があると判定されるが、そのリースバック取引がオペレーティング・リース取引であって、譲渡人 （借手）が適正な賃借料を支払うこととなっているときには、売却処理が認められる。,TRUE,リースバック取引がオペレーティング・リース取引であって、譲渡人（借手）が適正な賃借料を支払うこととなっているときは、その限りで売却処理が認められることとなっている
104-25-35,3,追加出資の可能性がある場合や他の名目でありながら実質的に追加負担になるリスクに該当する場合には、その追加出資や追加負担リスクを加味してリスク負担割合を算定する。,TRUE,追加出資の可能性がある場合や他の名目でありながら実質的に追加負担になるリスクに該当する場合には、その追加出資や追加負担リスクを加味してリスク負担割合を算定した上で不動産流動化実務指針の許容範囲内か否かを判断する
104-25-35,4,「特別目的会社を活用した不動産の流動化に関わる譲渡人の会計処理に関わる実務指針」で例示されている継続的関与の一例として、 「譲受人である特別目的会社が譲渡人に対して売戻しの権利を保有している場合」がある。,TRUE,解説の要点：継続的関与の例として 9 つの項目が挙げられており、 「譲受人である特別目的会社が譲渡人に対して売戻しの権利を保有している場合」もその一つである
104-25-36,1,企業Aが自己の計算で他の企業の議決権の過半数を所有している場合、企業 Aはその他の企業を支配していると判断できる。,TRUE,この理解で合っています。企業Aが自己の計算で他の企業の議決権の過半数を所有している場合、企業 Aはその他の企業を支配していると判断できる。
104-25-36,2,企業Bが自己の計算で他の企業の議決権の41%を所有している場合に、企業Bがその他の企業の資金調達額の総額の過半に関して融資を実施しているときは、企業Bはその他の企業を支配していると判断できる。,TRUE,この理解で合っています。企業Bが自己の計算で他の企業の議決権の41%を所有している場合に、企業Bがその他の企業の資金調達額の総額の過半に関して融資を実施しているときは、企業Bはその他の企業を支配していると判断できる。
104-25-36,3,企業Cが自己の計算で所有している議決権と、自己と緊密な関係がある者および自己の意思と同一の内容の議決権を行使することに同意している者が所有している議決権とを合わせて他の企業の議決権の過半数を占めている場合に、企業Cがその他の企業の重要な財務および営業または事業の方針の決定を支配する契約等が存在するときは、企業Cはその他の企業を支配していると判断できる。,TRUE,この理解で合っています。企業Cが自己の計算で所有している議決権と、自己と緊密な関係がある者および自己の意思と同一の内容の議決権を行使することに同意している者が所有している議決権とを合わせて他の企業の議決権の過半数を占めている場合に、企業Cがその他の企業の重要な財務および営業または事業の方針の決定を支配する契約等が存在するときは、企業Cはその他の企業を支配していると判断できる。
104-25-36,4,資産流動化型ヴィークルである特定目的会社を連結財務諸表作成の対象になる子会社の範囲に含めるかどうかの判断に際しては、持株基準を適用して判定する。,FALSE,特定目的会社に関しても持株基準ではなく実質支配基準をもとに判定する
104-25-37,1,「連結財務諸表に関わる会計基準」では、株式会社における議決権を想定していることから、意思決定を実施する出資者が業務執行の決定も直接実施している投資事業組合は、子会社または関連会社の範囲に含まれることはないとしている。,FALSE,基本的には業務執行の権限を使うことによって支配力、影響力を判断する
104-25-37,2,「連結財務諸表に関わる会計基準」第7-2項で、特別目的会社は、一定の要件を満たすときは、その特別目的会社に資産を譲渡した企業から独立しているものと認め、その特別目的会社に資産を譲渡した企業の子会社に該当しないものと推定することとされている。,TRUE,基本的に連結財務諸表に関わる会計基準第7 項により実質支配基準によるが、資産流動化ヴィークルは、連結会計基準第7-2 項で、資産を譲渡した企業に関してのみ、子会社に該当しないものと推定することとしている
104-25-37,3,「一定の特別目的会社に関わる開示に関わる適用指針」では、特別目的会社を①子会社に該当するものとされている特別目的会社、②「連結財務諸表に関わる会計基準」7-2項で子会社に該当しないものと推定された特別目的会社、③ 「連結財務諸表に関わる会計基準」7-2項によらず子会社に該当しない特別目的会社に区分しているが、このうち ③を「開示対象特別目的会社」という。,FALSE,開示対象特別目的会社は、連結財務諸表に関わる会計基準7-2項により子会社に該当しないものと推定された②の特別目的会社です。
104-25-37,4,開示対象特別目的会社の概要および開示対象特別目的会社を利用した取引の概要、開示対象特別目的会社との取引金額等は、連結財務諸表に注記する必要になる。ただし、重要性が乏しいものは注記を省略できる。,TRUE,解説の要点：重要性が乏しいものを除き、いずれも連結財務諸表への注記が必要とされている
104-25-38,1,固定資産の減損損失の計上を実施する際は、①固定資産のグルーピング、②減損の兆候の把握、③減損の認識の判定、④減損損失の測定、の順番でステップを踏んだ上で、⑤減損損失を損益計算書に計上する。,TRUE,解説の要点：問題文にもある通り正しいステップの順番は、①固定資産のグルーピング、②減損の兆候の把握、③減損の認識の判定、④減損損失の測定、⑤減損損失を損益計算書に計上である
104-25-38,2,"減損対象になる資産の帳簿価額が 10,000、使用価値が 4,000、正味売却価額が 4,700 のとき、計上される減損損失の額は6,000 といえる。",FALSE,"解説の要点：問題文のケースでは回収可能価額は4,700 であり、帳簿価額と回収可能価額との差額5,300を減損損失として計上する"
104-25-38,3,減損損失の計上に際しては、独立したキャッシュ・フローを生み出す最小単位ごとに判断されるため、必ず個々の資産ごとに減損損失の計上の要否を判断する必要になる。,FALSE,解説の要点：概ね独立したキャッシュ・フローを生み出す最小単位でグルーピングしなければならず、個々の資産ごとに減損計上の要否を判断するわけではない
104-25-38,4,減損会計により固定資産の減損損失を計上した場合に、その固定資産の価値が翌期以降に回復した場合には、減損損失の戻入益を計上して固定資産の帳簿価額を回復させなければならない。,FALSE,減損会計に関しては「帳簿切離し方式」によるものとされ「洗替え方式」は採用しない。したがって、一度減損会計により減損損失を計上した場合には、たとえその固定資産の収益性が翌期以降に回復したとしても、評価益の計上は認められていない
104-25-39,1,要点確認：売買目的有価証券とその他有価証券は時価、金利調整差額がある満期保有目的債券は償却原価法により貸借対照表価額を算定する。,TRUE,売買目的有価証券の評価差額は当期損益、その他有価証券の評価差額は基本的に純資産に計上します。満期保有目的債券の金利調整差額には償却原価法を用います。
104-25-40,1,「資産除去債務に関わる会計基準」の適用になる固定資産は、有形固定資産のほかそれに準ずる有形の資産も含む。したがって、建設仮勘定やリース資産なども同会計基準の適用対象になる。,TRUE,建設仮勘定やリース資産、投資不動産に関しても資産除去債務が存在している場合には、資産除去債務会計基準の適用対象になる
104-25-40,2,資産除去債務の認識対象は、有形固定資産の取得、建設、開発または通常の使用によって生じ、その有形固定資産の除去に関して法令または契約で要求される法律上の義務およびそれに準ずるものをいい、このケースの義務には有形固定資産を除去する際にその有形固定資産に使用されている有害物質等を法律等の要求による特別の方法で除去する義務は対象外になる。,FALSE,資産除去債務には、有形固定資産を除去する義務のほか、有形固定資産の除去そのものは義務でなくても、有形固定資産を除去する際にその有形固定資産に使用されている有害物質等を法律等の要求による特別の方法で除去するという義務も含まれる
104-25-40,3,資産除去債務に対応する除去費用は、資産除去債務を負債として計上した時に、その負債の計上額と同額を、関連する有形固定資産の帳簿価額に加えて資産計上し、減価償却を通じて各期に費用配分する。,TRUE,解説の要点：一時の費用として計上するのではなく、減価償却を通じて有形固定資産の残存耐用年数にわたり各期に費用配分する
104-25-40,4,資産除去債務の発生時に、その債務の金額を合理的に見積ることができない場合には、これを計上せず、その債務額を合理的に見積ることができるようになった時点で負債として計上する。,TRUE,資産除去債務の発生時に、その債務の金額を合理的に見積ることができない場合には、これを計上せず、その債務額を合理的に見積ることができるようになった時点で負債として計上する
104-25-41,1,企業会計基準委員会移管指針第 10号「特別目的会社を活用した不動産の流動化に関わる譲渡人の会計処理に関わる実務指針」の適用対象になる不動産の譲渡に際しては、企業会計基準第29号「収益認識に関わる会計基準」は適用されない。,TRUE,不動産流動化実務指針の適用対象になる不動産の譲渡に際しては、収益認識会計基準は適用されない
104-25-41,2,企業会計基準委員会移管指針第 10号「特別目的会社を活用した不動産の流動化に関わる譲渡人の会計処理に関わる実務指針」によると、不動産信託受益権の譲渡に際しては、財務構成要素アプローチにより、その信託受益権を構成する財務的要素に対する支配が他に移転した場合にその移転した財務構成要素の消滅を認識し、留保される財務構成要素の存続を認識する。,FALSE,不動産信託受益権の譲渡に関しても、リスク・経済価値アプローチを根拠に会計処理を実施するとしている
104-25-41,3,企業会計基準第20号「賃貸等不動産の時価等の開示に関わる会計基準」では、賃貸等不動産を保有している場合には、期末時点の時価をもって貸借対照表価額とし、(1)賃貸等不動産の概要、(2) 賃貸等不動産の貸借対照表計上額および期中における主な変動、(3) 賃貸等不動産の当期末における時価の算定方法、(4)賃貸等不動産に関わる損益、を注記することとされている。,FALSE,賃貸等不動産に該当する場合には、期末における時価やその算定方法に関わる注記を実施するが、貸借対照表では簿価で計上する
104-25-41,4,固定資産の減価償却費の算定にあたり、法人税法等で定められている耐用年数は課税の公平性から一律に定められているものであり、会計上はそれぞれの企業の使用状況等を勘案した上で減価償却費の算定をする必要になることから、会計上の減価償却費の算定では法人税法等で定める耐用年数を使用できない。,FALSE,会計上の耐用年数は企業の使用状況等を踏まえるのが原則ですが、著しく不合理でなければ法人税法上の耐用年数を使うことも認められます。
104-25-42,1,日本ではヴィークルに共通の会計に関わる開示基準が定められている。法定ヴィークルでは法律を根拠とする開示制度があり、かつ、発行証券に関して広く投資家から投資を募集する場合等では金融商品取引法に定める開示制度の適用がある。,FALSE,ヴィークルに共通の会計に関わる開示基準は存在しない
104-25-42,2,GK-TKスキームにおける匿名組合決算報告書は、法令等で特段の様式の定めが置かれていないものの、匿名組合員に現金分配を実施する際の報告書には支払分配金の額および分配金の算出方法等を明記する必要になることとされている。,FALSE,解説の要点：匿名組合報告書の様式には法令等による特段の定めは置かれていない。現金分配報告書に関しても特段の記載事項の定めはない
104-25-42,3,特定目的会社の計算書類等の開示方法等は、特定目的会社計算規則の定めによるものとされており、資本金が1億円以下である場合などの一定の要件を満たす小規模な特定目的会社は附属明細書の作成を省略できる。,FALSE,解説の要点：小規模な特定目的会社のような例外規定は存在しない
104-25-42,4,投資法人は役員会の承認を受けた「金銭の分配に関わる計算書」を根拠に、利益を超えて金銭の分配（利益超過分配）を実施することができる。利益超過分配を実施した場合には、利益超過分配額を出資総額または出資剰余金から控除する。,TRUE,この理解で合っています。投資法人は役員会の承認を受けた「金銭の分配に関わる計算書」を根拠に、利益を超えて金銭の分配（利益超過分配）を実施することができる。利益超過分配を実施した場合には、利益超過分配額を出資総額または出資剰余金から控除します。
104-25-43,1,要点確認：人格のない社団は法人税が課されるヴィークルに分類され、任意組合はヴィークル自体に法人税が課されない。,TRUE,人格のない社団は法人税の課税対象です。任意組合は構成員課税になるため、ヴィークル自体には法人税が課されません。
104-25-44,1,信託法第258 条に規定する 「受益者の定め（受益者を定める方法の定めを含む。）のない信託」は基本的に集団投資信託になるが、委託者等受益者以外のものが「みなし受益者」に該当する場合には受益者等課税信託になる。,FALSE,信託法第 258 条に規定する「受益者の定め（受益者を定める方法の定めを含む。）のない信託」は基本的に法人課税信託に分類され、信託段階で法人税が課される
104-25-44,2,受益者等課税信託では、信託財産に関わる消費税の計算の際、その信託財産に関わる資産の譲渡等、課税仕入れおよび課税貨物の保税地域からの引取りに関わる消費税は、その受益者の資産等取引とみなして計算する。,TRUE,この理解で合っています。受益者等課税信託では、信託財産に関わる消費税の計算の際、その信託財産に関わる資産の譲渡等、課税仕入れおよび課税貨物の保税地域からの引取りに関わる消費税は、その受益者の資産等取引とみなして計算します。
104-25-44,3,受益者等課税信託で、その信託財産に帰せられる収益および費用は、その受益者等の収益および費用とみなして法人税等が課税される。,TRUE,受益者等課税信託では、その信託の受益者段階で所得が生じることとなり、信託財産に帰せられる収益および費用は、受益者等に帰属する扱いになる。法人が受益者等である場合で、その法人の課税所得の金額の計算上、受益者等である法人の収益および費用として扱われる信託財産に帰せられる収益および費用は、その信託の計算期間に関わらず、その法人の各事業年度の期間に対応する収益および費用になる
104-25-44,4,要点確認：特定受益証券発行信託、合同運用信託、証券投資信託等の集団投資信託から生ずる信託収益は、信託収益の発生段階では課税されず、その収益の計算期間の末日等、信託収益を受益者が現実に受領した時に受益者に課税される。,TRUE,集団投資信託（特定受益証券発行信託、合同運用信託、証券投資信託、国内公募等投資信託、外国投資信託）および退職年金等信託、特定公益信託等は、信託収益を受益者が現実に受領したときに、受益者に課税する
104-25-45,1,匿名組合の法人組合員は、いわゆるパス ・スルー課税であるため、組合から生じた損失のうち、自己に帰属すべき損失を全額取り込むことができ、取り込み規制は置かれていない。,FALSE,法人組合員（組合の重要な業務の執行の決定に関与し、契約を締結するための交渉等を自ら実施する組合員を除く）の組合損失は、次のように取込みが規制されている①組合債務の責任の限度が実質的に組合財産の価額とされている場合等には、その法人組合員に帰属すべき組合損失のうちその法人組合員の出資の価額として計算される金額を超える部分の金額は、損金の額に算入しない。②組合事業に関わる収益を保証する契約が締結されていること等により実質的に組合事業が欠損にならないことが明らかな場合には、その法人組合員に帰属すべき組合損失の全額を損金の額に算入しない。
104-25-45,2,居住者である個人が匿名組合員である場合に、匿名組合契約を根拠に出資をする者がその匿名組合契約を根拠とする営業者から受ける利益の分配は、匿名組合事業が不動産賃貸事業である場合に限り、不動産所得になる。,FALSE,居住者である個人である匿名組合員に分配される利益に関して、その所得区分は基本的に「雑所得」と扱うこととされ（所得税法基本通達36・37 共-21）、損失が生じた場合、他の所得と損益通算できない
104-25-45,3,法人匿名組合員における匿名組合損益分配に関わる所得の認識時点は、匿名組合契約による計算期間の末日の属する事業年度になる。,TRUE,法人匿名組合員における匿名組合損益分配に関わる所得の認識時点は、匿名組合契約による計算期間の末日の属する事業年度になる。そのため、営業者の決算日と匿名組合の計算期間末日が同日に設定されていない場合には、その時点で損益分配を実施することができず、その時点までに生じた匿名組合損益がそのまま営業者の課税所得として認識され、ヴィークル段階で法人税課税が発生してしまう。これを回避するためには、契約時または決算期変更時で、匿名組合計算期間を営業者の決算期と整合させるような手配が必要になる
104-25-45,4,匿名組合契約等を根拠とする匿名組合の分配金に関わる源泉税率は、個人の組合員は20.42%、法人の組合員は15.315%といえる。,FALSE,匿名組合契約等を根拠とする匿名組合の分配金に関わる源泉税率は、法人・個人の区分に関わらず、20.42%となっている
104-25-46,1,特定目的会社が受け取った配当等は、受取配当金の益金不算入の適用はない。また、特定目的会社が支払う配当等に関しても、法人である出資者で受取配当金の益金不算入の適用はない。,TRUE,受取配当等の益金不算入は、ヴィークルが受領する配当・支払う配当のいずれも適用がない
104-25-46,2,特定目的会社の資本金が1億円以下であったとしても、資本金 1億円以下の中小法人に認められる法人税の軽減税率は適用されない。,TRUE,特定目的会社等一定の法人は、資本金が1 億円以下の中小法人に認められる以下のような優遇規定は適用されない(ア) 法人税率の軽減税率（法人税法第 66 条第 5 項第 5 号、租税特別措置法第 42 条の 3 の 2 第 1項）(イ) 貸倒引当金の損金算入（法人税法第52 条第1 項第1 号イ）(ウ) 交際費等の定額控除限度額（年 800 万円）までの損金算入（租税特別措置法第 61 条の 4 第 2項）
104-25-46,3,特定目的会社で、欠損金の控除限度額は、導管性要件を満たす場合には、繰越控除前の所得金額の100%となっている。,TRUE,解説の要点：欠損金の控除限度額（法人税法第 57 条第 1 項）は、繰越控除前の所得金額の 50%相当額であるが、導管性要件を満たす特定目的会社等は、繰越控除前の所得金額の 100%相当額を控除できる
104-25-46,4,特定目的会社は、資本金が10億円を超えている場合のみ、法人事業税に関わる外形標準課税の適用対象になる。,FALSE,特定目的会社は、資本金の金額にかかわらず事業税は所得割のみ対象を基礎とした税率の適用（外形標準課税の不適用。地方税法第72 条の 2 第 1 項第 1 号ロ）になる
104-25-47,1,特定目的会社の導管性要件では、公募特定社債の発行価額総額は1億円以上、機関投資家等のみが保有する見込みであること、出資募集の50%超を国内で実施することなどが必要とされる。,TRUE,解説の要点：対象法人要件には、特定目的会社名簿への登載、所定の社債・優先出資要件、国内募集比率、会計期間1年以下などがあります。
104-25-48,1,減損損失により会計と税務の処理に差異が生じる場合、税務上の所得が会計上の利益を上回る場合もある。,TRUE,解説の要点：減損損失は会計上先に費用処理される一方、税務上は直ちに損金とならないため、所得超過税会不一致が生じます。
104-25-48,2,要点確認：所得超過税会不一致には、一時差異等調整積立金を利益処分に充当する。,FALSE,所得超過税会不一致で使うのは一時差異等調整引当額です。一時差異等調整積立金ではありません。
104-25-48,3,一時差異等調整引当額の分配額は、投資法人の損金算入対象になる。,TRUE,解説の要点：一時差異等調整引当額を利益処分に充当した分配は、税務上も配当等の額として損金算入できます。
104-25-48,4,要点確認：利益超過税会不一致には、一時差異等調整引当額を計上して将来の利益処分に備える。,FALSE,解説の要点：利益超過税会不一致で将来の利益処分のために留保するのは、一時差異等調整積立金です。
104-25-49,1,要点確認：法人税法上のリース判定では、中途解約不能等の要件を満たす取引を売買取引として扱い、所有権移転外リース資産はリース期間定額法で償却する。,TRUE,ファイナンスリースに該当する取引は基本的に売買処理します。所有権移転外リース資産の減価償却にはリース期間定額法を用います。
104-25-50,1,"高額特定資産とは、一の取引単位につき、課税仕入れに関わる支払対価の額（税抜）が1,000万円以上の棚卸資産または調整対象固定資産をいう。",TRUE,"高額特定資産は、一取引単位の税抜支払対価が1,000万円以上になる棚卸資産または調整対象固定資産を意味します。"
104-25-50,2,不動産の売買では、商慣行として固定資産税や都市計画税の未経過部分を精算するのが通常であるが、この精算部分に関わる消費税の取扱いに関して、建物に関わる固定資産税等を精算した場合には建物の売買代金として消費税は課税になる。,TRUE,不動産の売買では、商慣行として固定資産税や都市計画税の未経過部分を精算するのが通常であるが、この精算部分に関わる消費税の取扱いは注意が必要とされる。上記精算金額は固定資産税等を精算したとは取り扱わず、売買代金がその分増額されたものとして取り扱われ（消費税法基本通達 10-1-6）、土地に関わる固定資産税等を精算した場合には土地の売買代金として消費税は非課税となり、建物に関わる固定資産税等を精算した場合には建物の売買代金として消費税は課税になる
104-25-50,3,消費税の課税事業者を選択しようとする場合には、その適用を受けようとする課税期間の前課税期間中に課税事業者選択届出書を提出する必要になるが、適用を受けようとする課税期間が事業開始日の属する課税期間である場合には、例外的にその課税期間中に届出書を提出することで課税事業者になることができる。,TRUE,課税事業者を選択しようとする場合には、その適用を受けようとする課税期間の前課税期間中（適用を受けようとする課税期間が事業開始日の属する課税期間である場合にはその課税期間中）に課税事業者選択届出書を提出する必要になる
104-25-50,4,要点確認：任意組合等がインボイスを発行しようとする場合には、業務執行組合員が納税地を所轄する税務署長に適格請求書発行事業者である旨の届出を提出すれば足りるため、各々の組合員が適格請求書発行事業者であることは必ずしも求められていない。なお、任意組合の組合員のうち事業の損益の配賦を受けない者はいないものとする。,FALSE,任意組合等の事業として実施される取引は、その組合員のすべてが適格請求書発行事業者であり、業務執行組合員がその旨を記載した届出書にその任意組合等の契約書の写しを添付し、納税地を所轄する税務署長に提出した場合に限り、適格請求書を交付できるとされている。
